Date,TeamName,ScoreOff,FirstDownOff,ThirdDownPctOff,RushAttOff,RushYdsOff,PassAttOff,PassCompOff,PassYdsOff,PassIntOff,FumblesOff,SackNumOff,SackYdsOff,PenYdsOff,TimePossOff,PuntAvgOff,Opponent,ScoreDef,FirstDownDef,ThirdDownPctDef,RushAttDef,RushYdsDef,PassAttDef,PassCompDef,PassYdsDef,PassIntDef,FumblesDef,SackNumDef,SackYdsDef,PenYdsDef,TimePossDef,Site,Line,TotalLine
09/05/2013,Baltimore Ravens,27,24,36%,21,58,62,34,335,2,0,4,27,53,33:48,50.7,Denver Broncos,49,24,53%,23,65,42,27,445,0,2,3,17,61,26:12,V,-7.5,49.5
09/05/2013,Denver Broncos,49,24,53%,23,65,42,27,445,0,2,3,17,61,26:12,45.6,Baltimore Ravens,27,24,36%,21,58,62,34,335,2,0,4,27,53,33:48,H,7.5,49.5
09/08/2013,Arizona Cardinals,24,25,50%,26,86,40,26,304,1,1,4,23,68,31:25,46.8,St Louis Rams,27,20,36%,24,67,38,27,299,1,1,0,0,59,28:35,V,-3.5,41.5
09/08/2013,Atlanta Falcons,17,18,27%,14,88,38,25,279,1,1,3,25,19,24:49,46.8,New Orleans Saints,23,18,46%,29,78,35,26,341,1,0,2,16,57,35:11,V,-3.5,56
09/08/2013,Buffalo Bills,21,15,31%,34,136,27,18,150,0,2,0,0,75,22:17,45.8,New England Patriots,23,26,55%,35,158,52,29,273,1,2,2,15,36,37:43,H,-10.5,51.5
09/08/2013,Carolina Panthers,7,17,45%,26,134,23,16,119,0,2,1,6,46,29:46,47.8,Seattle Seahawks,12,18,46%,26,70,33,25,300,0,1,2,20,99,30:14,H,-3.5,45
09/08/2013,Chicago Bears,24,17,43%,28,81,33,21,242,1,0,0,0,59,31:30,46.4,Cincinnati Bengals,21,18,64%,21,63,33,26,277,2,1,1,5,84,28:30,H,3,42
09/08/2013,Cincinnati Bengals,21,18,64%,21,63,33,26,277,2,1,1,5,84,28:30,48.3,Chicago Bears,24,17,43%,28,81,33,21,242,1,0,0,0,59,31:30,V,-3,42
09/08/2013,Cleveland Browns,10,20,7%,13,47,53,26,244,3,0,6,45,57,27:13,45.0,Miami Dolphins,23,18,50%,23,20,38,24,255,1,0,4,17,77,32:47,H,2.5,40.5
09/08/2013,Dallas Cowboys,36,22,33%,23,87,49,36,244,1,0,2,19,40,37:10,45.8,New York Giants,31,21,55%,14,50,42,27,428,3,3,3,22,52,22:50,H,3.5,50
09/08/2013,Detroit Lions,34,28,38%,34,112,43,28,357,1,1,0,0,88,36:19,38.0,Minnesota Vikings,24,16,20%,22,105,28,18,225,3,1,3,11,52,23:41,H,4.5,47.5
09/08/2013,Green Bay Packers,28,23,40%,19,63,37,21,322,1,1,2,11,44,21:25,46.2,San Francisco 49ers,34,23,50%,34,90,39,27,404,0,0,2,8,85,38:35,V,-5,48.5
09/08/2013,Indianapolis Colts,21,18,60%,26,127,23,18,147,0,0,4,31,31,27:13,39.0,Oakland Raiders,17,20,54%,33,171,29,19,201,2,0,1,16,51,32:47,H,11.5,45.5
09/08/2013,Jacksonville Jaguars,2,12,26%,23,71,41,19,107,2,0,6,50,30,28:30,50.5,Kansas City Chiefs,28,17,33%,28,120,34,21,171,0,0,1,2,20,31:30,H,-4.5,43
09/08/2013,Kansas City Chiefs,28,17,33%,28,120,34,21,171,0,0,1,2,20,31:30,40.3,Jacksonville Jaguars,2,12,26%,23,71,41,19,107,2,0,6,50,30,28:30,V,4.5,43
09/08/2013,Miami Dolphins,23,18,50%,23,20,38,24,255,1,0,4,17,77,32:47,53.8,Cleveland Browns,10,20,7%,13,47,53,26,244,3,0,6,45,57,27:13,V,-2.5,40.5
09/08/2013,Minnesota Vikings,24,16,20%,22,105,28,18,225,3,1,3,11,52,23:41,42.2,Detroit Lions,34,28,38%,33,117,43,28,352,1,1,1,5,88,36:19,V,-4.5,47.5
09/08/2013,New England Patriots,23,26,55%,35,158,52,29,273,1,2,2,15,36,37:43,39.3,Buffalo Bills,21,15,31%,34,136,27,18,150,0,2,0,0,75,22:17,V,10.5,51.5
09/08/2013,New Orleans Saints,23,18,46%,29,78,35,26,341,1,0,2,16,57,35:11,49.3,Atlanta Falcons,17,18,27%,14,88,38,25,279,1,1,3,25,19,24:49,H,3.5,56
09/08/2013,New York Giants,31,21,55%,14,50,42,27,428,3,3,3,22,52,22:50,54.7,Dallas Cowboys,36,22,33%,23,87,49,36,244,1,0,2,19,40,37:10,V,-3.5,50
09/08/2013,New York Jets,18,22,39%,29,90,39,24,214,1,1,5,42,45,32:22,48.4,Tampa Bay Buccaneers,17,12,38%,25,65,31,15,185,1,1,3,25,102,27:38,H,-6,39
09/08/2013,Oakland Raiders,17,20,54%,33,171,29,19,201,2,0,1,16,51,32:47,50.5,Indianapolis Colts,21,18,60%,26,127,23,18,147,0,0,4,31,31,27:13,V,-11.5,45.5
09/08/2013,Pittsburgh Steelers,9,14,31%,15,32,33,21,163,1,1,5,28,47,25:59,44.1,Tennessee Titans,16,17,40%,42,112,20,11,117,0,0,1,8,60,34:01,H,6,42
09/08/2013,San Francisco 49ers,34,23,50%,34,90,39,27,404,0,0,2,8,85,38:35,47.2,Green Bay Packers,28,23,40%,19,63,37,21,322,1,1,2,11,44,21:25,H,5,48.5
09/08/2013,Seattle Seahawks,12,18,46%,26,70,33,25,300,0,1,2,20,99,30:14,49.5,Carolina Panthers,7,17,45%,26,134,23,16,119,0,2,1,6,46,29:46,V,3.5,45
09/08/2013,St Louis Rams,27,20,36%,24,67,38,27,299,1,1,0,0,59,28:35,49.0,Arizona Cardinals,24,25,50%,26,86,40,26,304,1,1,4,23,68,31:25,H,3.5,41.5
09/08/2013,Tampa Bay Buccaneers,17,12,38%,25,65,31,15,185,1,1,3,25,102,27:38,46.6,New York Jets,18,22,39%,29,90,39,24,214,1,1,5,42,45,32:22,V,6,39
09/08/2013,Tennessee Titans,16,17,40%,42,112,20,11,117,0,0,1,8,60,34:01,41.6,Pittsburgh Steelers,9,14,31%,15,32,33,21,163,1,1,5,28,47,25:59,V,-6,42
09/09/2013,Houston Texans,31,26,46%,28,120,45,34,329,1,0,2,17,73,36:31,45.0,San Diego Chargers,28,14,50%,20,80,29,14,183,1,0,2,12,55,23:29,V,6.5,45.5
09/09/2013,Philadelphia Eagles,33,26,47%,49,263,25,15,180,0,2,3,23,65,32:39,42.3,Washington Redskins,27,25,20%,18,74,49,30,308,2,1,3,21,75,27:21,V,-4.5,53.5
09/09/2013,San Diego Chargers,28,14,50%,20,80,29,14,183,1,0,2,12,55,23:29,47.8,Houston Texans,31,26,46%,28,120,45,34,329,1,0,2,17,73,36:31,H,-6.5,45.5
09/09/2013,Washington Redskins,27,25,20%,18,74,49,30,308,2,1,3,21,75,27:21,42.0,Philadelphia Eagles,33,26,47%,49,263,25,15,180,0,2,3,23,65,32:39,H,4.5,53.5
09/12/2013,New England Patriots,13,9,22%,24,54,39,19,178,0,0,1,7,30,26:00,46.7,New York Jets,10,15,33%,32,129,35,15,189,3,1,4,25,66,34:00,H,11.5,43.5
09/12/2013,New York Jets,10,15,33%,32,129,35,15,189,3,1,4,25,66,34:00,44.7,New England Patriots,13,9,22%,24,54,39,19,178,0,0,1,7,30,26:00,V,-11.5,43.5
09/15/2013,Arizona Cardinals,25,24,9%,25,87,40,23,261,1,0,1,4,40,31:19,42.8,Detroit Lions,21,16,27%,20,49,36,24,273,0,1,1,5,101,28:41,H,-2,48.5
09/15/2013,Atlanta Falcons,31,19,54%,16,36,43,33,357,0,0,2,17,53,30:17,53.0,St Louis Rams,24,24,41%,18,69,55,32,352,1,0,0,0,53,29:43,H,5.5,47.5
09/15/2013,Baltimore Ravens,14,19,50%,36,99,33,22,197,0,1,2,14,41,30:35,48.5,Cleveland Browns,6,13,27%,20,65,37,22,194,0,0,5,39,33,29:25,H,7,44
09/15/2013,Buffalo Bills,24,24,43%,33,149,39,27,287,1,1,1,9,55,26:18,44.7,Carolina Panthers,23,25,44%,32,125,38,21,183,1,0,6,46,30,33:42,H,-3.5,43.5
09/15/2013,Carolina Panthers,23,25,44%,32,125,38,21,183,1,0,6,46,30,33:42,51.4,Buffalo Bills,24,24,43%,33,149,39,27,287,1,1,1,9,55,26:18,V,3.5,43.5
09/15/2013,Chicago Bears,31,24,58%,26,129,39,28,282,2,2,1,8,35,30:33,37.0,Minnesota Vikings,30,19,44%,33,123,30,16,227,1,2,1,0,25,29:27,H,6.5,42
09/15/2013,Cleveland Browns,6,13,27%,20,65,37,22,194,0,0,5,39,33,29:25,42.1,Baltimore Ravens,14,19,50%,36,99,33,22,197,0,1,2,14,41,30:35,V,-7,44
09/15/2013,Dallas Cowboys,16,20,27%,16,37,42,30,281,0,2,3,17,27,31:48,50.0,Kansas City Chiefs,17,19,31%,25,114,36,21,199,0,0,4,24,45,28:12,V,-3,46
09/15/2013,Denver Broncos,41,23,53%,29,109,43,30,307,0,1,0,0,132,28:02,42.0,New York Giants,23,28,9%,19,23,49,28,353,4,0,1,9,16,31:58,V,4,55.5
09/15/2013,Detroit Lions,21,16,27%,20,49,36,24,273,0,1,1,5,101,28:41,52.2,Arizona Cardinals,25,24,9%,25,87,40,23,261,1,0,1,4,40,31:19,V,2,48.5
09/15/2013,Green Bay Packers,38,28,40%,24,139,42,34,441,0,1,4,39,40,32:29,40.3,Washington Redskins,20,18,27%,17,108,40,26,314,1,0,1,6,78,27:31,H,8,50
09/15/2013,Houston Texans,30,25,35%,28,172,48,26,280,2,0,2,18,40,31:07,48.3,Tennessee Titans,24,14,25%,33,119,30,17,129,0,0,4,19,70,28:53,H,9,43
09/15/2013,Indianapolis Colts,20,23,47%,26,133,43,25,315,1,0,3,6,13,30:33,51.5,Miami Dolphins,24,21,43%,27,101,34,23,297,0,1,5,22,0,29:27,H,3,44
09/15/2013,Jacksonville Jaguars,9,15,41%,19,34,38,25,214,0,0,5,27,70,28:12,43.5,Oakland Raiders,19,16,29%,33,227,24,15,114,0,1,3,12,30,31:48,V,-5,40
09/15/2013,Kansas City Chiefs,17,19,31%,24,115,36,21,199,0,0,4,24,45,28:12,43.9,Dallas Cowboys,16,20,27%,16,37,42,30,281,0,2,3,17,27,31:48,H,3,46
09/15/2013,Miami Dolphins,24,21,43%,27,101,34,23,297,0,1,5,22,0,29:27,41.8,Indianapolis Colts,20,23,47%,26,133,43,25,315,1,0,3,6,13,30:33,V,-3,44
09/15/2013,Minnesota Vikings,30,19,44%,33,123,30,16,227,1,2,1,0,25,29:27,56.7,Chicago Bears,31,24,58%,27,124,39,28,287,2,2,0,3,35,30:33,V,-6.5,42
09/15/2013,New Orleans Saints,16,21,36%,20,75,46,26,296,2,0,4,26,35,32:37,43.8,Tampa Bay Buccaneers,14,14,38%,33,160,22,9,113,1,1,1,12,118,27:23,V,4,48.5
09/15/2013,New York Giants,23,28,9%,19,23,49,28,353,4,0,1,9,16,31:58,46.2,Denver Broncos,41,23,53%,29,109,43,30,307,0,1,0,0,132,28:02,H,-4,55.5
09/15/2013,Oakland Raiders,19,16,29%,34,226,24,15,114,0,1,3,12,30,31:48,48.0,Jacksonville Jaguars,9,15,41%,19,34,38,25,214,0,0,5,27,70,28:12,H,5,40
09/15/2013,Philadelphia Eagles,30,22,45%,20,89,37,23,422,0,0,1,6,77,19:43,44.7,San Diego Chargers,33,33,67%,31,126,47,36,413,0,2,1,6,32,40:17,H,7.5,54
09/15/2013,San Diego Chargers,33,33,67%,31,126,47,36,413,0,2,1,6,32,40:17,40.0,Philadelphia Eagles,30,22,45%,20,89,37,23,422,0,0,1,6,77,19:43,V,-7.5,54
09/15/2013,San Francisco 49ers,3,12,25%,20,100,28,13,107,3,2,3,20,121,23:17,49.0,Seattle Seahawks,29,19,31%,47,172,19,8,118,1,0,4,24,84,36:43,V,-2.5,44.5
09/15/2013,Seattle Seahawks,29,19,31%,47,172,19,8,118,1,0,4,24,84,36:43,42.5,San Francisco 49ers,3,12,25%,20,100,28,13,107,3,2,3,20,121,23:17,H,2.5,44.5
09/15/2013,St Louis Rams,24,24,41%,18,69,55,32,352,1,0,0,0,53,29:43,49.7,Atlanta Falcons,31,19,54%,16,36,43,33,357,0,0,2,17,53,30:17,V,-5.5,47.5
09/15/2013,Tampa Bay Buccaneers,14,14,38%,33,160,22,9,113,1,1,1,12,118,27:23,40.5,New Orleans Saints,16,21,36%,20,75,46,26,296,2,0,4,26,35,32:37,H,-4,48.5
09/15/2013,Tennessee Titans,24,14,25%,33,119,30,17,129,0,0,4,19,70,28:53,47.8,Houston Texans,30,25,35%,28,171,48,26,280,2,0,2,18,40,31:07,V,-9,43
09/15/2013,Washington Redskins,20,18,27%,17,108,40,26,314,1,0,1,6,78,27:31,36.8,Green Bay Packers,38,28,40%,24,139,42,34,441,0,1,4,39,40,32:29,V,-8,50
09/16/2013,Cincinnati Bengals,20,22,41%,34,127,45,25,280,0,0,0,0,84,35:33,46.6,Pittsburgh Steelers,10,14,25%,16,44,37,20,234,1,1,2,17,29,24:27,H,6.5,41
09/16/2013,Pittsburgh Steelers,10,14,25%,16,43,37,20,234,1,1,2,17,29,24:27,46.7,Cincinnati Bengals,20,22,41%,34,127,45,25,280,0,0,0,0,84,35:33,V,-6.5,41
09/19/2013,Kansas City Chiefs,26,19,32%,38,146,35,22,248,0,0,5,25,65,39:07,43.6,Philadelphia Eagles,16,21,30%,27,264,30,13,167,2,3,6,34,45,20:53,V,-3.5,51
09/19/2013,Philadelphia Eagles,16,21,30%,26,275,30,13,156,2,3,7,45,45,20:53,37.0,Kansas City Chiefs,26,19,32%,38,146,35,22,248,0,0,5,25,65,39:07,H,3.5,51
09/22/2013,Arizona Cardinals,7,16,38%,16,86,35,18,161,2,0,4,26,18,24:28,40.9,New Orleans Saints,31,27,54%,24,104,46,29,319,1,0,4,23,30,35:32,V,-7.5,49.5
09/22/2013,Atlanta Falcons,23,24,45%,30,146,38,23,231,1,1,0,0,59,37:09,33.0,Miami Dolphins,27,16,58%,15,90,35,24,195,1,1,5,41,13,22:51,V,-2.5,46
09/22/2013,Baltimore Ravens,30,16,50%,31,75,24,16,161,0,0,2,10,87,29:20,48.5,Houston Texans,9,18,25%,23,94,35,25,170,1,0,3,24,113,30:40,H,-1,44.5
09/22/2013,Buffalo Bills,20,18,22%,25,120,42,19,208,0,0,8,35,87,25:48,51.0,New York Jets,27,20,36%,40,182,29,16,331,2,0,1,0,168,34:12,V,-2.5,41
09/22/2013,Carolina Panthers,38,27,57%,46,194,27,15,208,1,1,1,15,32,36:48,48.5,New York Giants,0,10,25%,16,60,27,14,90,2,1,7,45,45,23:12,H,-3,47
09/22/2013,Chicago Bears,40,15,33%,29,105,29,19,153,0,0,2,8,25,31:35,46.8,Pittsburgh Steelers,23,21,27%,21,80,41,26,379,2,3,3,27,59,28:25,V,2.5,41
09/22/2013,Cincinnati Bengals,34,19,36%,24,82,28,20,215,1,3,4,20,43,28:09,43.7,Green Bay Packers,30,27,31%,30,182,43,26,217,2,2,4,27,55,31:51,H,-3,50.5
09/22/2013,Cleveland Browns,31,23,40%,17,103,55,31,306,3,1,3,26,47,28:52,46.8,Minnesota Vikings,27,21,47%,31,134,42,25,195,1,2,6,33,35,31:08,V,-7,40.5
09/22/2013,Dallas Cowboys,31,21,45%,34,193,24,17,203,0,1,1,7,72,33:27,49.0,St Louis Rams,7,17,8%,12,35,49,29,197,0,1,6,43,41,26:33,H,3.5,47
09/22/2013,Detroit Lions,27,24,31%,23,63,42,25,378,1,0,1,7,71,28:48,52.5,Washington Redskins,20,27,46%,22,120,50,32,300,1,1,2,26,45,31:12,V,1,49.5
09/22/2013,Green Bay Packers,30,27,31%,30,182,43,26,217,2,2,4,27,55,31:51,43.3,Cincinnati Bengals,34,19,36%,24,82,28,20,215,1,3,4,20,43,28:09,V,3,50.5
09/22/2013,Houston Texans,9,18,25%,23,94,35,25,170,1,0,3,24,113,30:40,50.4,Baltimore Ravens,30,16,50%,31,75,24,16,161,0,0,2,10,87,29:20,V,1,44.5
09/22/2013,Indianapolis Colts,27,23,42%,39,179,27,18,157,0,0,1,7,10,36:24,48.0,San Francisco 49ers,7,14,25%,23,115,27,13,139,1,1,3,11,48,23:36,V,-10,47
09/22/2013,Jacksonville Jaguars,17,17,29%,24,51,38,18,214,2,1,4,21,45,27:24,42.9,Seattle Seahawks,45,28,40%,36,156,29,21,323,1,1,2,8,24,32:36,V,-20,39.5
09/22/2013,Miami Dolphins,27,16,58%,15,90,35,24,195,1,1,5,41,13,22:51,53.0,Atlanta Falcons,23,24,45%,30,146,38,23,231,1,1,0,0,59,37:09,H,2.5,46
09/22/2013,Minnesota Vikings,27,21,47%,31,134,42,25,195,1,2,6,33,35,31:08,46.6,Cleveland Browns,31,23,40%,18,101,54,30,308,3,1,3,26,47,28:52,H,7,40.5
09/22/2013,New England Patriots,23,21,40%,32,156,36,25,202,1,0,4,23,50,33:02,42.7,Tampa Bay Buccaneers,3,18,36%,22,97,41,19,226,1,0,3,10,48,26:58,H,7.5,45
09/22/2013,New Orleans Saints,31,27,54%,24,104,46,29,319,1,0,4,23,30,35:32,49.5,Arizona Cardinals,7,16,38%,16,86,35,18,161,2,0,4,26,18,24:28,H,7.5,49.5
09/22/2013,New York Giants,0,10,25%,16,60,27,14,90,2,1,7,45,45,23:12,40.8,Carolina Panthers,38,27,57%,46,192,27,15,208,1,1,1,15,32,36:48,V,3,47
09/22/2013,New York Jets,27,20,36%,41,182,29,16,331,2,0,0,0,168,34:12,42.0,Buffalo Bills,20,18,22%,25,120,42,19,208,0,0,8,35,87,25:48,H,2.5,41
09/22/2013,Pittsburgh Steelers,23,21,27%,21,80,41,26,379,2,3,3,27,59,28:25,29.0,Chicago Bears,40,15,33%,28,107,30,20,151,0,0,2,8,25,31:35,H,-2.5,41
09/22/2013,San Diego Chargers,17,19,33%,27,102,24,20,175,0,1,2,9,45,28:23,42.4,Tennessee Titans,20,23,43%,28,181,37,23,271,0,0,3,28,116,31:37,V,-3,43.5
09/22/2013,San Francisco 49ers,7,14,25%,23,115,27,13,139,1,1,3,11,48,23:36,43.7,Indianapolis Colts,27,23,42%,39,179,27,18,157,0,0,1,7,10,36:24,H,10,47
09/22/2013,Seattle Seahawks,45,28,40%,36,156,29,21,323,1,1,2,8,24,32:36,35.0,Jacksonville Jaguars,17,17,29%,24,51,38,18,214,2,1,4,21,45,27:24,H,20,39.5
09/22/2013,St Louis Rams,7,17,8%,12,35,49,29,197,0,1,6,43,41,26:33,47.6,Dallas Cowboys,31,21,45%,34,193,24,17,203,0,1,1,7,72,33:27,V,-3.5,47
09/22/2013,Tampa Bay Buccaneers,3,18,36%,22,97,41,19,226,1,0,3,10,48,26:58,49.7,New England Patriots,23,21,40%,33,156,36,25,202,1,0,3,23,50,33:02,V,-7.5,45
09/22/2013,Tennessee Titans,20,23,43%,29,170,37,23,282,0,0,2,17,116,31:37,46.7,San Diego Chargers,17,19,33%,27,102,24,20,175,0,1,2,9,45,28:23,H,3,43.5
09/22/2013,Washington Redskins,20,27,46%,22,120,50,32,300,1,1,2,26,45,31:12,46.2,Detroit Lions,27,24,31%,23,63,42,25,378,1,0,1,7,71,28:48,H,-1,49.5
09/23/2013,Denver Broncos,37,31,56%,35,162,37,32,372,0,2,1,2,40,35:24,37.0,Oakland Raiders,21,13,42%,17,49,31,21,293,0,0,3,23,77,24:36,H,16.5,50
09/23/2013,Oakland Raiders,21,13,42%,17,49,31,21,293,0,0,3,23,77,24:36,52.5,Denver Broncos,37,31,56%,35,164,37,32,372,0,2,1,2,40,35:24,V,-16.5,50
09/26/2013,San Francisco 49ers,35,19,40%,40,219,23,15,151,0,2,2,16,85,31:45,54.6,St Louis Rams,11,14,18%,20,23,40,18,165,1,1,5,32,82,28:15,V,4,43.5
09/26/2013,St Louis Rams,11,14,18%,19,18,41,19,170,1,1,5,32,82,28:15,44.5,San Francisco 49ers,35,19,40%,40,219,23,15,151,0,2,2,16,85,31:45,H,-4,43.5
09/29/2013,Arizona Cardinals,13,17,10%,20,56,38,21,240,2,1,1,8,90,25:56,45.4,Tampa Bay Buccaneers,10,20,39%,31,80,43,24,173,2,1,2,20,73,34:04,V,-2.5,40
09/29/2013,Atlanta Falcons,23,26,43%,15,58,54,34,399,1,0,2,22,55,29:21,45.7,New England Patriots,30,21,54%,31,132,31,20,316,0,0,0,0,93,30:39,H,3,50
09/29/2013,Baltimore Ravens,20,15,19%,9,24,50,25,321,5,0,4,26,59,23:32,47.1,Buffalo Bills,23,19,28%,55,203,22,10,147,2,1,2,20,99,36:28,V,4,45
09/29/2013,Buffalo Bills,23,19,28%,55,203,22,10,147,2,1,2,20,99,36:28,43.4,Baltimore Ravens,20,15,19%,9,24,50,25,321,5,0,4,26,59,23:32,H,-4,45
09/29/2013,Chicago Bears,32,18,8%,16,131,47,27,286,3,1,3,31,30,28:13,40.6,Detroit Lions,40,23,20%,30,159,35,23,228,1,2,1,14,25,31:47,V,-2.5,49.5
09/29/2013,Cincinnati Bengals,6,16,29%,20,63,42,23,203,1,1,2,3,25,28:52,38.8,Cleveland Browns,17,18,50%,30,89,38,25,247,0,0,3,22,80,31:08,V,4.5,42.5
09/29/2013,Cleveland Browns,17,18,50%,30,89,38,25,247,0,0,3,22,80,31:08,42.8,Cincinnati Bengals,6,16,29%,20,63,42,23,203,1,1,2,3,25,28:52,H,-4.5,42.5
09/29/2013,Dallas Cowboys,21,21,33%,16,92,37,27,225,0,1,3,19,33,26:00,40.2,San Diego Chargers,30,27,42%,27,112,42,35,394,1,0,1,7,85,34:00,V,1.5,48
09/29/2013,Denver Broncos,52,35,63%,33,141,37,30,331,0,0,1,6,25,33:23,46.5,Philadelphia Eagles,20,21,50%,35,166,31,17,284,0,0,3,13,62,26:37,H,11.5,59
09/29/2013,Detroit Lions,40,23,20%,30,159,35,23,228,1,2,1,14,25,31:47,50.0,Chicago Bears,32,18,8%,16,131,47,27,286,3,1,3,31,30,28:13,H,2.5,49.5
09/29/2013,Houston Texans,20,29,35%,35,151,49,31,325,2,1,4,30,86,34:17,45.4,Seattle Seahawks,23,15,21%,30,179,23,12,91,1,1,5,32,62,25:43,H,-2,41
09/29/2013,Indianapolis Colts,37,26,46%,30,159,38,23,278,1,0,2,14,58,36:40,45.7,Jacksonville Jaguars,3,14,18%,18,40,32,17,165,3,0,4,14,65,23:20,V,9.5,42.5
09/29/2013,Jacksonville Jaguars,3,14,18%,19,40,32,17,165,3,0,3,14,65,23:20,48.3,Indianapolis Colts,37,26,46%,29,154,39,24,283,1,0,2,14,58,36:40,H,-9.5,42.5
09/29/2013,Kansas City Chiefs,31,21,56%,28,102,41,24,288,2,1,1,0,62,35:56,44.4,New York Giants,7,11,7%,21,98,37,18,200,1,2,3,17,65,24:04,H,4.5,44
09/29/2013,Minnesota Vikings,34,16,36%,25,145,25,16,248,0,0,1,0,89,23:33,41.3,Pittsburgh Steelers,27,29,53%,21,77,51,36,357,1,1,5,26,50,36:27,N,-3,42.5
09/29/2013,New England Patriots,30,21,54%,31,132,31,20,316,0,0,0,0,93,30:39,55.0,Atlanta Falcons,23,26,43%,15,58,54,34,399,1,0,2,22,55,29:21,V,-3,50
09/29/2013,New York Giants,7,11,7%,21,98,37,18,200,1,2,3,17,65,24:04,49.8,Kansas City Chiefs,31,21,56%,28,102,41,24,288,2,1,1,0,62,35:56,V,-4.5,44
09/29/2013,New York Jets,13,16,31%,23,91,34,23,239,2,2,5,50,66,29:20,49.0,Tennessee Titans,38,17,56%,31,78,32,21,244,0,0,2,13,30,30:40,V,-3.5,40.5
09/29/2013,Oakland Raiders,14,14,29%,26,104,32,21,194,1,1,7,33,25,32:19,44.9,Washington Redskins,24,15,31%,32,122,31,18,217,0,1,1,10,29,27:41,H,-4,46
09/29/2013,Philadelphia Eagles,20,21,50%,35,166,31,17,284,0,0,3,13,62,26:37,48.0,Denver Broncos,52,35,63%,33,141,37,30,331,0,0,1,6,25,33:23,V,-11.5,59
09/29/2013,Pittsburgh Steelers,27,29,53%,21,77,51,36,357,1,1,5,26,50,36:28,36.0,Minnesota Vikings,34,16,36%,25,145,25,16,248,0,0,1,0,89,23:32,N,3,42.5
09/29/2013,San Diego Chargers,30,27,42%,27,112,42,35,394,1,0,1,7,85,34:00,39.8,Dallas Cowboys,21,21,33%,16,92,37,27,225,0,1,3,19,33,26:00,H,-1.5,48
09/29/2013,Seattle Seahawks,23,15,21%,30,179,23,12,91,1,1,5,32,62,25:43,46.5,Houston Texans,20,29,35%,36,151,49,31,325,2,1,3,30,86,34:17,V,2,41
09/29/2013,Tampa Bay Buccaneers,10,20,39%,31,80,43,24,173,2,1,2,20,73,34:04,40.1,Arizona Cardinals,13,17,10%,20,56,38,21,240,2,1,1,8,90,25:56,H,2.5,40
09/29/2013,Tennessee Titans,38,17,56%,31,78,32,21,244,0,0,2,13,30,30:40,42.0,New York Jets,13,16,31%,23,91,34,23,239,2,2,5,50,66,29:20,H,3.5,40.5
09/29/2013,Washington Redskins,24,15,31%,32,122,31,18,217,0,1,1,10,29,27:41,40.1,Oakland Raiders,14,14,29%,26,104,32,21,194,1,1,7,33,25,32:19,V,4,46
09/30/2013,Miami Dolphins,17,19,33%,19,115,35,22,216,3,1,4,33,25,26:13,52.0,New Orleans Saints,38,23,46%,24,68,39,30,397,0,1,2,16,45,33:47,V,-7.5,49
09/30/2013,New Orleans Saints,38,23,46%,24,68,39,30,397,0,1,2,16,45,33:47,47.7,Miami Dolphins,17,19,33%,19,115,35,22,216,3,1,4,33,25,26:13,H,7.5,49
10/03/2013,Buffalo Bills,24,20,31%,31,155,40,19,188,1,0,4,21,56,27:37,45.5,Cleveland Browns,37,19,41%,32,91,28,15,199,0,0,5,23,66,32:23,V,-4,41
10/03/2013,Cleveland Browns,37,19,41%,32,91,28,15,199,0,0,5,23,66,32:23,45.8,Buffalo Bills,24,20,31%,31,155,40,19,188,1,0,4,21,56,27:37,H,4,41
10/06/2013,Arizona Cardinals,22,19,33%,28,90,28,19,160,3,0,2,15,30,28:55,50.0,Carolina Panthers,6,21,42%,20,95,39,21,258,3,1,7,50,79,31:05,H,-3,42.5
10/06/2013,Baltimore Ravens,26,20,38%,40,133,32,19,251,1,1,2,18,64,36:15,34.2,Miami Dolphins,23,10,19%,11,22,40,21,272,0,0,6,35,65,23:45,V,-2.5,43
10/06/2013,Carolina Panthers,6,21,42%,20,95,39,21,258,3,1,7,50,79,31:05,49.0,Arizona Cardinals,22,19,33%,28,90,28,19,160,3,0,2,15,30,28:55,V,3,42.5
10/06/2013,Chicago Bears,18,20,40%,18,94,33,24,340,0,1,3,18,43,24:03,45.0,New Orleans Saints,26,17,38%,28,66,35,29,281,0,0,2,7,10,35:57,H,-1.5,51.5
10/06/2013,Cincinnati Bengals,13,21,40%,39,162,27,20,179,1,1,4,33,59,34:19,45.8,New England Patriots,6,15,8%,18,82,38,18,166,1,1,4,31,0,25:41,H,-1,45.5
10/06/2013,Dallas Cowboys,48,24,67%,14,52,36,25,472,1,1,4,36,81,27:25,52.0,Denver Broncos,51,34,69%,31,103,42,33,414,1,1,0,0,55,32:35,H,-9,57.5
10/06/2013,Denver Broncos,51,34,69%,31,103,42,33,414,1,1,0,0,55,32:35, ,Dallas Cowboys,48,24,67%,14,52,36,25,470,1,1,4,36,81,27:25,V,9,57.5
10/06/2013,Detroit Lions,9,19,47%,19,64,40,25,222,0,0,5,40,50,27:44,51.7,Green Bay Packers,22,16,44%,33,180,30,20,269,0,0,1,5,72,32:16,V,-9.5,55
10/06/2013,Green Bay Packers,22,16,44%,33,180,30,20,269,0,0,1,5,72,32:16,47.0,Detroit Lions,9,19,47%,19,64,40,25,222,0,0,5,40,50,27:44,H,9.5,55
10/06/2013,Houston Texans,3,17,38%,30,131,40,22,182,3,1,1,6,52,33:46,50.0,San Francisco 49ers,34,17,36%,36,177,15,6,107,0,0,1,6,17,26:14,V,-4.5,44
10/06/2013,Indianapolis Colts,34,20,58%,30,112,28,15,205,0,2,2,21,35,28:41,47.0,Seattle Seahawks,28,21,17%,34,218,31,15,205,1,1,2,5,85,31:19,H,-3,44
10/06/2013,Jacksonville Jaguars,20,16,25%,25,96,32,16,267,2,1,2,3,45,24:42,48.2,St Louis Rams,34,22,42%,37,146,33,18,205,0,0,2,14,53,35:18,V,-11,41
10/06/2013,Kansas City Chiefs,26,20,8%,26,120,39,20,233,1,1,2,12,61,31:17,38.0,Tennessee Titans,17,19,29%,22,105,41,21,234,2,1,3,13,35,28:43,V,3,38.5
10/06/2013,Miami Dolphins,23,10,19%,11,22,40,21,272,0,0,6,35,65,23:45,52.5,Baltimore Ravens,26,20,38%,40,133,32,19,251,1,1,2,18,64,36:15,H,2.5,43
10/06/2013,New England Patriots,6,15,8%,18,82,38,18,166,1,1,4,31,0,25:41,44.1,Cincinnati Bengals,13,21,40%,39,162,27,20,179,1,1,4,33,59,34:19,V,1,45.5
10/06/2013,New Orleans Saints,26,17,38%,28,66,35,29,281,0,0,2,7,10,35:57,48.8,Chicago Bears,18,20,40%,18,94,33,24,340,0,1,3,18,43,24:03,V,1.5,51.5
10/06/2013,New York Giants,21,21,38%,17,53,52,24,330,3,1,1,4,136,27:52,48.6,Philadelphia Eagles,36,28,47%,37,140,39,22,299,0,0,1,3,88,32:08,H,1.5,54
10/06/2013,Oakland Raiders,27,17,33%,28,104,23,18,195,0,1,4,26,85,29:07,49.7,San Diego Chargers,17,27,36%,19,32,49,36,391,3,2,2,20,30,30:53,H,-5,47
10/06/2013,Philadelphia Eagles,36,28,47%,37,140,39,22,299,0,0,1,3,88,32:08,47.7,New York Giants,21,21,38%,17,53,52,24,330,3,1,1,4,136,27:52,V,-1.5,54
10/06/2013,San Diego Chargers,17,27,36%,19,32,49,36,391,3,2,2,20,30,30:53,39.0,Oakland Raiders,27,17,33%,28,104,23,18,197,0,1,4,26,85,29:07,V,5,47
10/06/2013,San Francisco 49ers,34,17,36%,36,177,15,6,107,0,0,1,6,17,26:14,48.8,Houston Texans,3,17,38%,30,131,40,22,182,3,1,1,6,52,33:46,H,4.5,44
10/06/2013,Seattle Seahawks,28,21,17%,34,218,31,15,205,1,1,2,5,85,31:19,38.5,Indianapolis Colts,34,20,58%,29,109,29,16,208,0,2,2,21,35,28:41,V,3,44
10/06/2013,St Louis Rams,34,22,42%,36,143,34,19,208,0,0,2,14,53,35:18,40.9,Jacksonville Jaguars,20,16,25%,25,96,32,16,267,2,1,2,3,45,24:42,H,11,41
10/06/2013,Tennessee Titans,17,19,29%,22,105,41,21,234,2,1,3,13,35,28:43,45.3,Kansas City Chiefs,26,20,8%,26,120,39,20,233,1,1,2,12,61,31:17,H,-3,38.5
10/07/2013,Atlanta Falcons,28,26,50%,22,64,46,37,299,0,1,2,12,46,35:26,49.5,New York Jets,30,15,55%,22,118,20,16,170,0,0,4,29,24,24:34,H,10.5,45
10/07/2013,New York Jets,30,15,55%,22,118,20,16,170,0,0,4,29,24,24:34,46.7,Atlanta Falcons,28,26,50%,22,64,46,37,299,0,1,2,12,46,35:26,V,-10.5,45
10/10/2013,Chicago Bears,27,26,45%,29,110,36,24,262,0,0,0,0,51,32:54,37.0,New York Giants,21,21,64%,27,121,26,14,234,3,0,0,5,31,27:06,H,8.5,48
10/10/2013,New York Giants,21,21,64%,26,123,26,14,232,3,0,1,7,31,27:06,46.3,Chicago Bears,27,26,45%,29,110,36,24,262,0,0,0,0,51,32:54,V,-8.5,48
10/13/2013,Arizona Cardinals,20,16,38%,21,109,41,25,294,2,2,1,4,38,25:43,43.8,San Francisco 49ers,32,20,29%,38,149,29,16,238,1,1,2,14,35,34:17,V,-10.5,41
10/13/2013,Baltimore Ravens,17,15,14%,22,47,34,20,313,0,1,5,29,40,28:39,42.0,Green Bay Packers,19,15,35%,30,140,32,17,298,1,1,3,17,55,31:21,H,-2,48
10/13/2013,Buffalo Bills,24,20,47%,32,130,32,19,192,0,1,5,24,27,21:47,48.4,Cincinnati Bengals,27,26,39%,41,165,40,26,318,1,0,3,19,78,38:28,H,-6,41
10/13/2013,Carolina Panthers,35,22,58%,39,131,26,20,236,0,0,1,6,40,36:25,32.7,Minnesota Vikings,10,17,43%,13,75,44,32,215,2,0,3,26,55,23:35,V,-2.5,44.5
10/13/2013,Cincinnati Bengals,27,26,39%,41,165,40,26,318,1,0,3,19,78,38:28,41.0,Buffalo Bills,24,20,47%,32,130,32,19,192,0,1,5,24,27,21:47,V,6,41
10/13/2013,Cleveland Browns,17,23,36%,21,126,43,26,269,2,0,2,23,87,26:32,47.2,Detroit Lions,31,24,57%,28,118,43,25,248,1,0,1,0,65,33:28,H,-2.5,43.5
10/13/2013,Dallas Cowboys,31,18,42%,19,48,30,18,165,1,0,1,5,80,25:29,45.2,Washington Redskins,16,25,50%,33,216,39,19,217,1,1,3,29,104,34:31,H,5.5,51.5
10/13/2013,Denver Broncos,35,26,54%,29,112,42,28,295,1,2,0,0,31,28:46,42.7,Jacksonville Jaguars,19,20,36%,27,71,42,27,291,2,0,2,12,62,31:14,H,26.5,52
10/13/2013,Detroit Lions,31,24,57%,28,118,43,25,248,1,0,1,0,65,33:28,46.0,Cleveland Browns,17,23,36%,21,126,43,26,269,2,0,2,23,87,26:32,V,2.5,43.5
10/13/2013,Green Bay Packers,19,15,35%,30,140,32,17,298,1,1,3,17,55,31:21,54.8,Baltimore Ravens,17,15,14%,22,47,34,20,313,0,1,5,29,40,28:39,V,2,48
10/13/2013,Houston Texans,13,27,43%,30,153,38,27,267,2,2,5,17,95,35:13,39.5,St Louis Rams,38,15,43%,25,99,16,12,117,0,0,0,0,74,24:47,H,9,42.5
10/13/2013,Jacksonville Jaguars,19,20,36%,27,71,42,27,291,2,0,2,12,62,31:14,45.7,Denver Broncos,35,26,54%,29,112,42,28,295,1,2,0,0,31,28:46,V,-26.5,52
10/13/2013,Kansas City Chiefs,24,16,29%,27,111,31,14,105,0,1,3,23,20,26:04,48.8,Oakland Raiders,7,18,27%,27,125,34,18,149,3,0,10,67,68,33:56,H,7.5,41.5
10/13/2013,Minnesota Vikings,10,17,43%,13,75,44,32,215,2,0,3,26,55,23:35,50.0,Carolina Panthers,35,22,58%,39,131,26,20,236,0,0,1,6,40,36:25,H,2.5,44.5
10/13/2013,New England Patriots,30,26,33%,35,141,43,25,235,1,0,5,34,33,31:47,52.3,New Orleans Saints,27,20,36%,26,131,36,17,230,1,1,1,6,56,28:13,H,2.5,50
10/13/2013,New Orleans Saints,27,20,36%,27,129,36,17,232,1,1,0,4,56,28:13,44.5,New England Patriots,30,26,33%,35,141,43,25,235,1,0,5,34,33,31:47,V,-2.5,50
10/13/2013,New York Jets,6,18,27%,20,83,34,19,184,2,0,3,17,60,24:11,44.7,Pittsburgh Steelers,19,16,38%,26,73,31,24,255,0,0,4,24,49,35:49,H,-1.5,41
10/13/2013,Oakland Raiders,7,18,27%,27,125,34,18,149,3,0,10,67,68,33:56,51.8,Kansas City Chiefs,24,16,29%,27,115,30,13,105,0,1,3,23,20,26:04,V,-7.5,41.5
10/13/2013,Philadelphia Eagles,31,21,50%,33,138,31,22,287,0,1,1,9,31,26:12,49.8,Tampa Bay Buccaneers,20,19,40%,21,94,43,26,257,1,0,2,16,72,33:48,V,3,44
10/13/2013,Pittsburgh Steelers,19,16,38%,26,73,31,24,255,0,0,4,24,49,35:49,45.3,New York Jets,6,18,27%,20,83,34,19,184,2,0,3,17,60,24:11,V,1.5,41
10/13/2013,San Francisco 49ers,32,20,29%,38,149,29,16,238,1,1,2,14,35,34:17,48.2,Arizona Cardinals,20,16,38%,21,109,41,25,294,2,2,1,4,38,25:43,H,10.5,41
10/13/2013,Seattle Seahawks,20,24,38%,33,151,31,23,253,0,2,2,4,65,33:19,48.7,Tennessee Titans,13,13,33%,20,66,29,17,157,2,0,3,14,44,26:41,H,11.5,41.5
10/13/2013,St Louis Rams,38,15,43%,25,99,16,12,117,0,0,0,0,74,24:47,44.7,Houston Texans,13,27,43%,30,153,38,27,267,2,2,5,17,95,35:13,V,-9,42.5
10/13/2013,Tampa Bay Buccaneers,20,19,40%,21,94,43,26,257,1,0,2,16,72,33:48,46.2,Philadelphia Eagles,31,21,50%,33,138,31,22,287,0,1,1,9,31,26:12,H,-3,44
10/13/2013,Tennessee Titans,13,13,33%,20,66,29,17,157,2,0,3,14,44,26:41,35.0,Seattle Seahawks,20,24,38%,33,151,31,23,253,0,2,2,4,65,33:19,V,-11.5,41.5
10/13/2013,Washington Redskins,16,25,50%,33,216,39,19,217,1,1,3,29,104,34:31,46.3,Dallas Cowboys,31,18,42%,19,48,30,18,165,1,0,1,5,80,25:29,V,-5.5,51.5
10/14/2013,Indianapolis Colts,9,12,20%,17,74,30,18,193,1,0,1,9,28,21:30,40.6,San Diego Chargers,19,24,50%,37,147,33,22,227,0,0,2,10,25,38:30,V,0,50.5
10/14/2013,San Diego Chargers,19,24,50%,37,151,32,21,227,0,0,2,10,25,38:30,48.0,Indianapolis Colts,9,12,20%,17,74,30,18,193,1,0,1,9,28,21:30,H,0,50.5
10/17/2013,Arizona Cardinals,22,22,33%,18,30,45,30,204,2,0,7,54,22,32:12,49.0,Seattle Seahawks,34,21,58%,32,135,29,18,209,0,2,3,26,70,27:48,H,-4.5,41.5
10/17/2013,Seattle Seahawks,34,21,58%,32,135,29,18,209,0,2,3,26,70,27:48,41.3,Arizona Cardinals,22,22,33%,18,30,45,30,204,2,0,7,54,22,32:12,V,4.5,41.5
10/20/2013,Atlanta Falcons,31,15,33%,18,18,26,20,273,0,1,0,0,101,22:08,48.0,Tampa Bay Buccaneers,23,23,29%,28,111,44,26,226,0,1,3,30,103,37:52,H,6.5,43
10/20/2013,Baltimore Ravens,16,19,50%,26,82,34,24,205,0,0,1,10,67,28:59,41.3,Pittsburgh Steelers,19,17,58%,29,141,23,17,145,0,1,3,15,50,31:01,V,-2.5,41
10/20/2013,Buffalo Bills,23,15,47%,30,90,32,21,178,1,0,4,24,53,30:05,45.7,Miami Dolphins,21,19,23%,25,120,37,19,173,2,1,2,21,32,29:55,V,-6.5,44.5
10/20/2013,Carolina Panthers,30,21,22%,38,102,17,15,180,0,0,2,24,59,33:21,51.3,St Louis Rams,15,15,31%,21,63,34,23,254,1,2,4,20,68,26:39,H,7,42
10/20/2013,Chicago Bears,41,21,25%,22,140,28,17,219,1,0,2,13,30,26:04,48.7,Washington Redskins,45,28,54%,43,209,29,18,290,1,0,1,8,47,33:56,V,1,48
10/20/2013,Cincinnati Bengals,27,18,40%,18,57,34,24,364,0,0,1,8,50,25:32,47.5,Detroit Lions,24,22,68%,25,77,51,28,357,0,0,0,0,30,34:28,V,-1.5,46
10/20/2013,Cleveland Browns,13,17,39%,23,83,42,17,133,1,0,3,16,106,26:35,44.7,Green Bay Packers,31,26,54%,29,104,36,25,253,0,0,1,7,97,33:25,V,-9.5,45
10/20/2013,Dallas Cowboys,17,22,31%,26,74,47,28,294,2,0,2,23,75,36:10,38.4,Philadelphia Eagles,3,19,22%,23,84,49,22,194,3,0,3,15,33,23:50,V,-2.5,55
10/20/2013,Denver Broncos,33,23,31%,20,64,49,29,365,1,2,4,21,103,28:16,47.3,Indianapolis Colts,39,19,29%,31,121,38,21,213,0,1,2,15,52,31:44,V,6,55.5
10/20/2013,Detroit Lions,24,22,68%,25,77,51,28,357,0,0,0,0,30,34:28,43.3,Cincinnati Bengals,27,18,40%,18,57,34,24,364,0,0,1,8,50,25:32,H,1.5,46
10/20/2013,Green Bay Packers,31,26,54%,29,104,36,25,253,0,0,1,7,97,33:25,29.7,Cleveland Browns,13,17,39%,23,83,42,17,133,1,0,3,16,106,26:35,H,9.5,45
10/20/2013,Houston Texans,16,14,33%,24,73,25,15,221,0,1,5,50,40,28:01,49.6,Kansas City Chiefs,17,20,47%,32,126,34,23,231,1,1,2,9,24,31:59,V,-6,39
10/20/2013,Indianapolis Colts,39,19,29%,31,121,38,21,213,0,1,2,15,52,31:44,48.9,Denver Broncos,33,23,31%,20,64,49,29,365,1,2,4,21,103,28:16,H,-6,55.5
10/20/2013,Jacksonville Jaguars,6,18,27%,17,78,36,23,275,1,0,6,43,45,22:30,49.7,San Diego Chargers,24,27,58%,40,158,26,22,276,0,0,1,9,61,37:30,H,-7,44.5
10/20/2013,Kansas City Chiefs,17,20,47%,32,126,34,23,231,1,1,2,9,24,31:59,43.3,Houston Texans,16,14,33%,25,69,25,15,225,0,1,4,46,40,28:01,H,6,39
10/20/2013,Miami Dolphins,21,19,23%,25,120,37,19,173,2,1,2,21,32,29:55,47.0,Buffalo Bills,23,15,47%,30,90,32,21,178,1,0,4,24,53,30:05,H,6.5,44.5
10/20/2013,New England Patriots,27,21,8%,20,90,46,22,205,1,0,4,23,100,18:49,50.4,New York Jets,30,27,52%,52,177,33,17,206,1,0,4,27,45,41:11,V,3,43
10/20/2013,New York Jets,30,27,52%,52,177,33,17,206,1,0,4,27,45,41:11,39.7,New England Patriots,27,21,8%,20,90,46,22,205,1,0,4,23,100,18:49,H,-3,43
10/20/2013,Philadelphia Eagles,3,19,22%,23,84,49,22,194,3,0,3,15,33,23:50,46.8,Dallas Cowboys,17,22,31%,26,74,47,28,294,2,0,2,23,75,36:10,H,2.5,55
10/20/2013,Pittsburgh Steelers,19,17,58%,29,141,23,17,145,0,1,3,15,50,31:01,35.0,Baltimore Ravens,16,19,50%,26,82,34,24,205,0,0,1,10,67,28:59,H,2.5,41
10/20/2013,San Diego Chargers,24,27,58%,40,158,26,22,276,0,0,1,9,61,37:30,44.7,Jacksonville Jaguars,6,18,27%,17,78,36,23,275,1,0,6,43,45,22:30,V,7,44.5
10/20/2013,San Francisco 49ers,31,19,50%,41,153,21,13,196,0,0,2,3,42,35:41,46.7,Tennessee Titans,17,15,36%,13,70,41,25,298,1,1,3,28,100,24:19,V,3,40.5
10/20/2013,St Louis Rams,15,15,31%,21,63,34,23,254,1,2,4,20,68,26:39,39.5,Carolina Panthers,30,21,22%,38,102,17,15,180,0,0,2,24,59,33:21,V,-7,42
10/20/2013,Tampa Bay Buccaneers,23,23,29%,28,111,44,26,226,0,1,3,30,103,37:52,37.8,Atlanta Falcons,31,15,33%,18,18,26,20,273,0,1,0,0,101,22:08,V,-6.5,43
10/20/2013,Tennessee Titans,17,15,36%,13,70,41,25,298,1,1,3,28,100,24:19,43.5,San Francisco 49ers,31,19,50%,41,153,21,13,196,0,0,2,3,42,35:41,H,-3,40.5
10/20/2013,Washington Redskins,45,28,54%,43,209,29,18,290,1,0,1,8,47,33:56,43.6,Chicago Bears,41,21,25%,22,140,28,17,219,1,0,2,13,30,26:04,H,-1,48
10/21/2013,Minnesota Vikings,7,13,39%,14,30,53,20,176,1,2,1,14,38,23:40,44.4,New York Giants,23,17,37%,32,64,39,23,193,0,1,2,7,72,36:20,V,-3.5,47
10/21/2013,New York Giants,23,17,37%,32,64,39,23,193,0,1,2,7,72,36:20,48.8,Minnesota Vikings,7,13,39%,14,30,53,20,176,1,2,1,14,38,23:40,H,3.5,47
10/24/2013,Carolina Panthers,31,21,42%,27,129,32,23,195,0,0,3,26,59,34:34,43.4,Tampa Bay Buccaneers,13,19,29%,14,48,51,30,249,0,1,3,26,21,25:26,V,6.5,38.5
10/24/2013,Tampa Bay Buccaneers,13,19,29%,14,48,51,30,249,0,1,3,26,21,25:26,42.8,Carolina Panthers,31,21,42%,27,129,32,23,195,0,0,3,26,59,34:34,H,-6.5,38.5
10/27/2013,Arizona Cardinals,27,17,30%,30,201,18,13,147,1,0,3,25,52,25:42,46.6,Atlanta Falcons,13,20,40%,14,27,61,34,265,4,0,4,36,55,34:18,H,3,46.5
10/27/2013,Atlanta Falcons,13,20,40%,14,27,61,34,265,4,0,4,36,55,34:18,46.0,Arizona Cardinals,27,17,30%,30,201,18,13,147,1,0,3,25,52,25:42,V,-3,46.5
10/27/2013,Buffalo Bills,17,20,38%,25,88,39,22,211,1,2,4,23,45,27:27,44.7,New Orleans Saints,35,21,47%,26,77,34,26,309,0,0,4,23,59,32:33,V,-10.5,48
10/27/2013,Cincinnati Bengals,49,20,55%,25,79,30,19,323,1,0,1,2,45,26:45,53.0,New York Jets,9,15,40%,24,93,37,23,147,2,0,4,29,69,33:15,H,4.5,41.5
10/27/2013,Cleveland Browns,17,13,25%,15,57,36,22,283,0,1,1,10,70,23:57,46.3,Kansas City Chiefs,23,20,53%,29,136,36,24,195,0,0,6,30,31,36:03,V,-7,39
10/27/2013,Dallas Cowboys,30,13,23%,26,62,30,14,206,0,0,0,0,31,24:48,44.6,Detroit Lions,31,29,27%,29,143,48,33,480,2,2,1,8,61,35:12,V,-3,50.5
10/27/2013,Denver Broncos,45,29,33%,34,107,44,30,339,3,1,2,15,57,32:05,49.3,Washington Redskins,21,22,43%,28,112,39,20,154,4,1,3,26,5,27:55,H,11,58
10/27/2013,Detroit Lions,31,29,27%,29,143,48,33,480,2,2,1,8,61,35:12,51.0,Dallas Cowboys,30,13,23%,26,62,30,14,206,0,0,0,0,31,24:48,H,3,50.5
10/27/2013,Green Bay Packers,44,26,72%,42,182,29,24,282,0,0,2,3,120,40:51, ,Minnesota Vikings,31,15,25%,19,111,21,14,132,0,0,3,13,46,19:09,V,7.5,47
10/27/2013,Jacksonville Jaguars,10,20,29%,25,90,45,29,228,0,1,0,0,76,31:31,44.8,San Francisco 49ers,42,25,67%,38,221,17,11,177,0,1,0,0,35,28:29,H,-14.5,40
10/27/2013,Kansas City Chiefs,23,20,53%,29,136,36,24,195,0,0,6,30,31,36:03,48.0,Cleveland Browns,17,13,25%,15,57,36,22,283,0,1,1,10,70,23:57,H,7,39
10/27/2013,Miami Dolphins,17,23,47%,31,156,42,22,145,2,1,6,47,61,34:56,40.3,New England Patriots,27,19,20%,37,152,22,13,100,1,0,3,16,35,25:04,V,-5.5,45
10/27/2013,Minnesota Vikings,31,15,25%,19,111,21,14,132,0,0,3,13,46,19:09,47.0,Green Bay Packers,44,26,72%,42,182,29,24,282,0,0,2,3,120,40:51,H,-7.5,47
10/27/2013,New England Patriots,27,19,20%,37,152,22,13,100,1,0,3,16,35,25:04,43.6,Miami Dolphins,17,23,47%,31,156,42,22,145,2,1,6,47,61,34:56,H,5.5,45
10/27/2013,New Orleans Saints,35,21,47%,26,77,34,26,309,0,0,4,23,59,32:33,46.8,Buffalo Bills,17,20,38%,25,88,39,22,211,1,2,4,23,45,27:27,H,10.5,48
10/27/2013,New York Giants,15,16,42%,31,88,39,25,237,0,1,1,9,92,38:02,43.0,Philadelphia Eagles,7,15,25%,19,48,35,23,152,2,1,4,36,48,21:58,V,-5.5,49.5
10/27/2013,New York Jets,9,15,40%,24,93,37,23,147,2,0,4,29,69,33:15,49.8,Cincinnati Bengals,49,20,55%,25,79,30,19,323,1,0,1,2,45,26:45,V,-4.5,41.5
10/27/2013,Oakland Raiders,21,13,36%,38,197,19,10,82,2,1,2,6,39,30:00,46.4,Pittsburgh Steelers,18,20,27%,19,35,45,29,241,2,0,5,34,12,30:00,H,-2.5,40.5
10/27/2013,Philadelphia Eagles,7,15,25%,19,48,35,23,152,2,1,4,36,48,21:58,44.0,New York Giants,15,16,42%,31,88,39,25,237,0,1,1,9,92,38:02,H,5.5,49.5
10/27/2013,Pittsburgh Steelers,18,20,27%,19,35,45,29,241,2,0,5,34,12,30:00,42.9,Oakland Raiders,21,13,36%,38,197,19,10,82,2,1,2,6,39,30:00,V,2.5,40.5
10/27/2013,San Francisco 49ers,42,25,67%,38,221,17,11,177,0,1,0,0,35,28:29,60.0,Jacksonville Jaguars,10,20,29%,25,90,45,29,228,0,1,0,0,76,31:31,V,14.5,40
10/27/2013,Washington Redskins,21,22,43%,28,112,39,20,154,4,1,3,26,5,27:55,39.1,Denver Broncos,45,29,33%,34,107,44,30,339,3,1,2,15,57,32:05,V,-11,58
10/28/2013,Seattle Seahawks,14,7,18%,15,44,18,10,91,0,0,7,48,83,22:02,44.8,St Louis Rams,9,23,36%,37,200,31,15,139,2,0,3,19,53,37:58,V,13,43.5
10/28/2013,St Louis Rams,9,23,36%,37,200,31,15,139,2,0,3,19,53,37:58,46.0,Seattle Seahawks,14,7,18%,15,44,18,10,91,0,0,7,48,83,22:02,H,-13,43.5
10/31/2013,Cincinnati Bengals,20,28,50%,35,163,53,32,302,3,1,5,36,63,35:34,39.5,Miami Dolphins,22,15,21%,30,157,28,20,188,0,1,3,20,25,24:26,V,3,42
10/31/2013,Miami Dolphins,22,15,21%,30,157,28,20,188,0,1,3,20,25,24:26,48.8,Cincinnati Bengals,20,28,50%,35,163,53,32,302,3,1,5,36,63,35:34,H,-3,42
11/03/2013,Atlanta Falcons,10,12,40%,20,78,27,20,211,3,1,1,8,59,23:42,44.8,Carolina Panthers,34,27,57%,33,131,37,23,242,2,0,1,7,15,36:18,V,-8,47
11/03/2013,Baltimore Ravens,18,18,44%,21,55,41,24,223,1,1,5,27,80,29:07,42.3,Cleveland Browns,24,19,27%,28,73,37,24,242,0,1,3,18,55,30:53,V,1,42
11/03/2013,Buffalo Bills,13,25,31%,38,241,39,18,229,2,1,0,0,48,30:18,37.3,Kansas City Chiefs,23,15,23%,23,95,29,19,115,0,0,2,9,38,29:42,H,-4.5,41
11/03/2013,Carolina Panthers,34,27,57%,33,131,37,23,242,2,0,1,7,15,36:18,42.7,Atlanta Falcons,10,12,40%,20,78,27,20,211,3,1,1,8,59,23:42,H,8,47
11/03/2013,Cleveland Browns,24,19,27%,28,73,37,24,242,0,1,3,18,55,30:53,48.7,Baltimore Ravens,18,18,44%,21,55,41,24,223,1,1,5,27,80,29:07,H,-1,42
11/03/2013,Dallas Cowboys,27,20,36%,9,36,51,34,314,1,0,3,23,45,28:28,45.0,Minnesota Vikings,23,22,38%,29,169,37,25,224,1,1,2,12,35,31:32,H,8.5,50.5
11/03/2013,Houston Texans,24,22,43%,33,143,34,20,340,0,0,1,10,86,36:09,41.3,Indianapolis Colts,27,17,31%,14,69,40,18,245,0,0,4,26,15,23:51,H,-1,44
11/03/2013,Indianapolis Colts,27,17,31%,14,69,40,18,245,0,0,4,26,15,23:51,44.2,Houston Texans,24,22,43%,33,143,34,20,340,0,0,1,10,86,36:09,V,1,44
11/03/2013,Kansas City Chiefs,23,15,23%,23,95,29,19,115,0,0,2,9,38,29:42,53.0,Buffalo Bills,13,25,31%,38,241,39,18,229,2,1,0,0,48,30:18,V,4.5,41
11/03/2013,Minnesota Vikings,23,22,38%,29,169,37,25,224,1,1,2,12,35,31:32,37.7,Dallas Cowboys,27,20,36%,9,36,51,34,314,1,0,3,23,45,28:28,V,-8.5,50.5
11/03/2013,New England Patriots,55,33,58%,35,197,33,23,413,0,1,3,19,30,28:46,51.5,Pittsburgh Steelers,31,24,38%,20,108,48,28,371,2,1,5,29,96,31:14,H,5.5,43
11/03/2013,New Orleans Saints,20,23,27%,13,41,51,30,366,2,0,2,16,59,29:32,41.0,New York Jets,26,14,29%,36,198,20,9,140,0,0,2,0,62,30:28,V,5.5,46
11/03/2013,New York Jets,26,14,29%,36,198,20,9,140,0,0,2,0,62,30:28,44.2,New Orleans Saints,20,23,27%,13,41,51,30,366,2,0,2,16,59,29:32,H,-5.5,46
11/03/2013,Oakland Raiders,20,29,33%,33,210,56,29,350,2,0,3,25,70,37:57,44.7,Philadelphia Eagles,49,21,40%,24,128,31,24,414,0,0,2,5,52,22:03,H,1,45.5
11/03/2013,Philadelphia Eagles,49,21,40%,24,128,31,24,414,0,0,2,5,52,22:03,42.8,Oakland Raiders,20,29,33%,33,210,56,29,350,2,0,3,25,70,37:57,V,-1,45.5
11/03/2013,Pittsburgh Steelers,31,24,38%,20,108,48,28,371,2,1,5,29,96,31:14,46.3,New England Patriots,55,33,58%,35,197,33,23,413,0,1,3,19,30,28:46,V,-5.5,43
11/03/2013,San Diego Chargers,24,25,33%,16,69,46,29,341,2,0,1,0,63,22:46,40.3,Washington Redskins,30,27,71%,40,209,32,23,291,1,0,0,0,65,37:14,V,0,48.5
11/03/2013,Seattle Seahawks,27,26,67%,35,198,26,19,217,2,1,0,0,67,26:53,42.0,Tampa Bay Buccaneers,24,24,53%,38,205,24,18,145,0,0,3,25,99,33:07,H,14.5,40.5
11/03/2013,St Louis Rams,21,21,38%,32,160,35,20,203,0,2,2,7,44,32:44,48.8,Tennessee Titans,28,22,58%,35,198,22,13,165,2,0,4,20,30,27:16,H,-3,40.5
11/03/2013,Tampa Bay Buccaneers,24,24,53%,38,205,24,18,145,0,0,3,25,99,33:07,44.5,Seattle Seahawks,27,26,67%,35,198,26,19,217,2,1,0,0,67,26:53,V,-14.5,40.5
11/03/2013,Tennessee Titans,28,22,58%,35,198,22,13,165,2,0,4,20,30,27:16,46.0,St Louis Rams,21,21,38%,32,160,35,20,203,0,2,2,7,44,32:44,V,3,40.5
11/03/2013,Washington Redskins,30,27,71%,40,209,32,23,291,1,0,0,0,65,37:14,41.3,San Diego Chargers,24,25,33%,16,69,46,29,341,2,0,1,0,63,22:46,H,0,48.5
11/04/2013,Chicago Bears,27,25,43%,33,171,41,22,271,0,0,1,1,45,33:08,42.4,Green Bay Packers,20,17,11%,29,199,21,12,113,1,0,5,28,0,26:52,V,-9.5,50.5
11/04/2013,Green Bay Packers,20,17,11%,29,199,21,12,113,1,0,5,28,0,26:52,41.8,Chicago Bears,27,25,43%,33,171,41,22,271,0,0,1,1,45,33:08,H,9.5,50.5
11/07/2013,Minnesota Vikings,34,22,60%,24,91,27,21,216,1,0,1,5,7,24:01,49.0,Washington Redskins,27,27,56%,36,191,37,24,242,0,0,4,39,63,35:59,H,-1,48
11/07/2013,Washington Redskins,27,27,56%,36,191,37,24,242,0,0,4,39,63,35:59,45.7,Minnesota Vikings,34,22,60%,24,91,27,21,216,1,0,1,5,7,24:01,V,1,48
11/10/2013,Arizona Cardinals,27,19,30%,29,97,32,20,235,1,2,1,6,29,31:00,43.2,Houston Texans,24,17,38%,21,76,43,22,159,0,1,3,42,53,29:00,H,3.5,42
11/10/2013,Atlanta Falcons,10,16,33%,16,64,36,23,162,0,1,2,10,15,24:42,53.6,Seattle Seahawks,33,25,60%,42,211,26,19,279,0,0,1,8,80,35:18,H,-3,47
11/10/2013,Baltimore Ravens,20,18,19%,30,85,36,20,104,2,1,5,36,65,27:02,44.8,Cincinnati Bengals,17,21,26%,32,120,51,24,244,3,0,4,30,134,32:58,H,2,43.5
11/10/2013,Buffalo Bills,10,16,21%,22,95,39,22,132,1,0,3,23,28,24:43,36.8,Pittsburgh Steelers,23,19,47%,33,136,30,18,164,1,0,4,40,42,35:17,V,-2.5,43
11/10/2013,Carolina Panthers,10,15,41%,30,111,32,16,139,1,1,4,30,25,32:12,45.7,San Francisco 49ers,9,10,15%,24,105,22,11,46,1,1,6,45,25,27:48,V,-5.5,42.5
11/10/2013,Chicago Bears,19,19,41%,20,38,49,27,300,1,0,2,12,39,31:41,42.6,Detroit Lions,21,21,42%,26,145,35,18,219,1,0,0,0,51,28:19,H,-1.5,52
11/10/2013,Cincinnati Bengals,17,21,26%,31,120,51,24,244,3,0,5,30,134,32:58,37.2,Baltimore Ravens,20,18,19%,30,85,36,20,104,2,1,5,36,65,27:02,V,-2,43.5
11/10/2013,Dallas Cowboys,17,9,0%,16,89,24,10,104,0,0,3,24,82,20:26,50.3,New Orleans Saints,49,40,75%,38,242,41,34,383,0,1,1,9,44,39:34,V,-5.5,53.5
11/10/2013,Denver Broncos,28,22,38%,22,84,36,25,313,0,1,2,17,28,22:01,46.4,San Diego Chargers,20,20,44%,35,131,29,19,198,0,0,4,20,40,37:59,V,7,57
11/10/2013,Detroit Lions,21,21,42%,26,145,35,18,219,1,0,0,0,51,28:19,44.3,Chicago Bears,19,19,41%,20,38,49,27,300,1,0,2,12,39,31:41,V,1.5,52
11/10/2013,Green Bay Packers,13,23,44%,30,99,44,29,297,2,0,1,8,31,34:23,48.0,Philadelphia Eagles,27,19,36%,37,204,18,12,211,0,1,3,17,65,25:37,H,-1,47
11/10/2013,Houston Texans,24,17,38%,21,76,43,22,159,0,1,3,42,53,29:00,58.4,Arizona Cardinals,27,19,30%,29,97,32,20,235,1,2,1,6,29,31:00,V,-3.5,42
11/10/2013,Indianapolis Colts,8,21,17%,14,18,52,31,388,4,1,3,33,20,29:24,50.2,St Louis Rams,38,12,47%,37,140,16,9,232,0,1,2,15,46,30:36,H,7,43
11/10/2013,Jacksonville Jaguars,29,13,25%,30,54,23,14,160,2,0,3,20,19,29:26,42.9,Tennessee Titans,27,19,56%,27,83,42,26,279,1,3,1,9,45,30:34,V,-11.5,42
11/10/2013,New Orleans Saints,49,40,75%,38,242,41,34,383,0,1,1,9,44,39:34,34.0,Dallas Cowboys,17,9,0%,16,89,24,10,104,0,0,3,24,82,20:26,H,5.5,53.5
11/10/2013,New York Giants,24,19,50%,38,133,22,12,118,1,2,3,22,5,32:02,31.0,Oakland Raiders,20,12,17%,25,107,26,11,106,1,1,4,16,65,27:58,H,7,41
11/10/2013,Oakland Raiders,20,12,17%,25,107,26,11,106,1,1,4,16,65,27:58,51.6,New York Giants,24,19,50%,38,133,22,12,118,1,2,3,22,5,32:02,V,-7,41
11/10/2013,Philadelphia Eagles,27,19,36%,37,204,18,12,211,0,1,3,17,65,25:37,40.0,Green Bay Packers,13,23,44%,30,99,44,29,297,2,0,1,8,31,34:23,V,1,47
11/10/2013,Pittsburgh Steelers,23,19,47%,33,136,30,18,164,1,0,4,40,42,35:17,39.4,Buffalo Bills,10,16,21%,22,95,39,22,132,1,0,3,23,28,24:43,H,2.5,43
11/10/2013,San Diego Chargers,20,20,44%,35,131,29,19,198,0,0,4,20,40,37:59,47.4,Denver Broncos,28,22,38%,22,84,36,25,313,0,1,2,17,28,22:01,H,-7,57
11/10/2013,San Francisco 49ers,9,10,15%,24,105,22,11,46,1,1,6,45,25,27:48,48.6,Carolina Panthers,10,15,41%,30,111,32,16,139,1,1,4,30,25,32:12,H,5.5,42.5
11/10/2013,Seattle Seahawks,33,25,60%,42,211,26,19,279,0,0,1,8,80,35:18,41.5,Atlanta Falcons,10,16,33%,16,64,36,23,162,0,1,2,10,15,24:42,V,3,47
11/10/2013,St Louis Rams,38,12,47%,37,140,16,9,232,0,1,2,15,46,30:36,47.6,Indianapolis Colts,8,21,17%,14,18,52,31,388,4,1,3,33,20,29:24,V,-7,43
11/10/2013,Tennessee Titans,27,19,56%,27,83,42,26,279,1,3,1,9,45,30:34,43.8,Jacksonville Jaguars,29,13,25%,30,54,23,14,160,2,0,3,20,19,29:26,H,11.5,42
11/11/2013,Miami Dolphins,19,16,33%,14,2,42,27,211,1,0,2,18,70,25:19,51.8,Tampa Bay Buccaneers,22,18,25%,37,140,21,11,124,1,0,2,15,70,34:41,V,2.5,39.5
11/11/2013,Tampa Bay Buccaneers,22,18,25%,37,140,21,11,124,1,0,2,15,70,34:41,43.0,Miami Dolphins,19,16,33%,14,2,42,27,211,1,0,2,18,70,25:19,H,-2.5,39.5
11/14/2013,Indianapolis Colts,30,24,46%,32,137,36,23,229,0,0,1,3,51,32:23,36.3,Tennessee Titans,27,20,55%,24,122,28,22,218,0,1,2,4,34,27:37,V,3,42
11/14/2013,Tennessee Titans,27,20,55%,24,122,28,22,218,0,1,2,4,34,27:37,38.7,Indianapolis Colts,30,24,46%,32,137,36,23,229,0,0,1,3,51,32:23,H,-3,42
11/17/2013,Arizona Cardinals,27,19,31%,24,14,42,30,402,0,0,3,17,42,35:53,45.0,Jacksonville Jaguars,14,14,14%,16,32,42,27,242,2,0,2,13,40,24:07,V,9,40.5
11/17/2013,Atlanta Falcons,28,24,14%,20,152,43,24,268,2,1,3,20,45,26:44,25.0,Tampa Bay Buccaneers,41,24,27%,38,186,25,20,224,0,0,2,7,121,33:16,V,-2,43.5
11/17/2013,Baltimore Ravens,20,23,44%,41,174,31,17,143,2,0,3,19,46,32:22,43.3,Chicago Bears,23,18,38%,26,104,31,19,215,0,0,2,1,111,27:38,V,-3.5,41
11/17/2013,Buffalo Bills,37,14,42%,38,68,28,20,245,0,0,1,0,64,33:40,33.0,New York Jets,14,12,18%,23,134,29,12,133,3,1,4,30,24,26:20,H,-2,39.5
11/17/2013,Chicago Bears,23,18,38%,26,104,31,19,215,0,0,2,1,111,27:38,38.0,Baltimore Ravens,20,23,44%,41,174,31,17,143,2,0,3,19,46,32:22,H,3.5,41
11/17/2013,Cincinnati Bengals,41,10,7%,31,106,28,14,118,2,0,0,0,64,27:37,45.0,Cleveland Browns,20,15,22%,19,102,56,27,228,3,1,4,20,40,32:23,H,4.5,40
11/17/2013,Cleveland Browns,20,15,22%,19,102,56,27,228,3,1,4,20,40,32:23,37.8,Cincinnati Bengals,41,10,7%,31,106,28,14,118,2,0,0,0,64,27:37,V,-4.5,40
11/17/2013,Denver Broncos,27,24,38%,36,104,40,24,323,0,1,0,0,82,29:56,46.2,Kansas City Chiefs,17,24,31%,25,144,45,21,200,0,1,3,30,53,30:04,H,7.5,49
11/17/2013,Detroit Lions,27,21,38%,25,107,46,19,344,1,2,2,18,45,27:49,51.0,Pittsburgh Steelers,37,24,38%,27,40,45,29,358,0,0,1,9,23,32:11,V,3,45
11/17/2013,Green Bay Packers,13,16,25%,20,55,34,24,339,3,0,0,0,38,24:49,44.8,New York Giants,27,19,29%,24,78,35,25,256,1,0,4,23,30,35:11,V,-3,40.5
11/17/2013,Houston Texans,23,14,13%,21,90,49,25,304,1,1,2,21,50,28:30,49.3,Oakland Raiders,28,12,28%,31,165,32,18,176,0,0,2,21,77,31:30,H,10.5,40.5
11/17/2013,Jacksonville Jaguars,14,14,14%,16,32,42,27,242,2,0,2,13,40,24:07,47.9,Arizona Cardinals,27,19,31%,24,14,42,30,402,0,0,3,17,42,35:53,H,-9,40.5
11/17/2013,Kansas City Chiefs,17,24,31%,25,144,45,21,200,0,1,3,30,53,30:04,50.9,Denver Broncos,27,24,38%,36,104,40,24,323,0,1,0,0,82,29:56,V,-7.5,49
11/17/2013,Miami Dolphins,20,21,20%,19,104,35,22,239,1,0,4,29,15,28:31,51.8,San Diego Chargers,16,22,36%,26,154,34,22,281,1,0,3,17,76,31:29,H,-3,44.5
11/17/2013,Minnesota Vikings,20,19,36%,33,132,35,18,204,3,1,2,3,20,34:10,42.7,Seattle Seahawks,41,16,36%,28,93,21,14,230,0,0,1,6,96,25:50,V,-13,45
11/17/2013,New Orleans Saints,23,23,43%,23,92,43,30,295,1,2,1,10,48,34:41,50.7,San Francisco 49ers,20,12,40%,22,81,31,17,115,1,0,3,12,45,25:19,H,3.5,49.5
11/17/2013,New York Giants,27,19,29%,24,78,35,25,256,1,0,4,23,30,35:11,52.6,Green Bay Packers,13,16,25%,20,55,34,24,339,3,0,0,0,38,24:49,H,3,40.5
11/17/2013,New York Jets,14,12,18%,23,134,29,12,133,3,1,4,30,24,26:20,47.2,Buffalo Bills,37,14,42%,38,68,28,20,245,0,0,1,0,64,33:40,V,2,39.5
11/17/2013,Oakland Raiders,28,12,28%,31,165,32,18,176,0,0,2,21,77,31:30,49.2,Houston Texans,23,14,13%,22,86,49,25,308,1,1,1,17,50,28:30,V,-10.5,40.5
11/17/2013,Philadelphia Eagles,24,22,31%,34,122,26,17,280,0,0,2,18,68,26:13,50.5,Washington Redskins,16,23,47%,38,191,35,17,236,1,1,4,28,39,33:47,H,4,54
11/17/2013,Pittsburgh Steelers,37,24,38%,27,40,45,29,358,0,0,1,9,23,32:11,43.4,Detroit Lions,27,21,38%,25,107,46,19,344,1,2,2,18,45,27:49,H,-3,45
11/17/2013,San Diego Chargers,16,22,36%,26,154,34,22,281,1,0,3,17,76,31:29,43.0,Miami Dolphins,20,21,20%,19,104,35,22,239,1,0,4,29,15,28:31,V,3,44.5
11/17/2013,San Francisco 49ers,20,12,40%,22,81,31,17,115,1,0,3,12,45,25:19,49.4,New Orleans Saints,23,23,43%,24,90,43,30,297,1,2,0,8,48,34:41,V,-3.5,49.5
11/17/2013,Seattle Seahawks,41,16,36%,28,93,21,14,230,0,0,1,6,96,25:50,41.2,Minnesota Vikings,20,19,36%,33,132,35,18,204,3,1,2,3,20,34:10,H,13,45
11/17/2013,Tampa Bay Buccaneers,41,24,27%,38,186,25,20,224,0,0,2,7,121,33:16,41.8,Atlanta Falcons,28,24,14%,20,152,43,24,268,2,1,3,20,45,26:44,H,2,43.5
11/17/2013,Washington Redskins,16,23,47%,38,191,35,17,236,1,1,4,28,39,33:47,37.0,Philadelphia Eagles,24,22,31%,33,126,26,17,276,0,0,3,22,68,26:13,V,-4,54
11/18/2013,Carolina Panthers,24,20,73%,24,101,28,19,199,0,0,2,10,47,29:12,42.0,New England Patriots,20,28,50%,25,107,40,29,283,1,1,2,13,50,30:48,H,3,45.5
11/18/2013,New England Patriots,20,28,50%,25,107,40,29,283,1,1,2,13,50,30:48,31.0,Carolina Panthers,24,20,73%,23,103,28,19,197,0,0,3,12,47,29:12,V,-3,45.5
11/21/2013,Atlanta Falcons,13,22,50%,22,91,39,30,264,0,1,5,28,25,33:46,44.3,New Orleans Saints,17,19,54%,25,103,33,23,271,0,0,1,7,66,26:14,H,-7,52.5
11/21/2013,New Orleans Saints,17,19,54%,25,103,33,23,271,0,0,1,7,66,26:14,49.3,Atlanta Falcons,13,22,50%,22,91,39,30,264,0,1,5,28,25,33:46,V,7,52.5
11/24/2013,Arizona Cardinals,40,27,50%,30,120,38,26,290,0,0,3,24,84,36:57,36.0,Indianapolis Colts,11,15,38%,15,80,39,20,159,1,0,1,4,89,23:03,H,3,44.5
11/24/2013,Baltimore Ravens,19,15,23%,31,67,27,17,245,1,0,4,28,41,33:58,45.8,New York Jets,3,12,8%,28,102,24,10,118,2,1,3,22,56,26:02,H,3.5,38.5
11/24/2013,Carolina Panthers,20,21,35%,29,136,38,19,159,1,0,2,15,56,30:03,57.1,Miami Dolphins,16,13,25%,17,52,42,28,280,1,0,3,30,55,29:57,V,4,40.5
11/24/2013,Chicago Bears,21,30,60%,26,80,47,36,344,1,2,1,8,84,36:07,41.0,St Louis Rams,42,20,40%,29,258,22,10,148,0,0,2,19,39,23:53,V,-1.5,45
11/24/2013,Cleveland Browns,11,19,35%,16,55,52,27,312,1,3,5,21,10,26:21,39.8,Pittsburgh Steelers,27,19,29%,34,85,34,22,217,0,0,0,0,8,33:39,H,2,39
11/24/2013,Dallas Cowboys,24,25,36%,20,107,38,23,204,1,0,4,30,85,29:19,44.3,New York Giants,21,22,25%,30,202,30,16,154,0,1,2,20,81,30:41,V,-2.5,44
11/24/2013,Denver Broncos,31,28,50%,48,280,36,19,132,1,3,2,18,85,32:34,40.1,New England Patriots,34,27,43%,31,116,50,34,324,0,3,3,20,36,27:45,V,2.5,53
11/24/2013,Detroit Lions,21,25,53%,24,104,46,26,286,4,1,2,11,39,33:21,50.0,Tampa Bay Buccaneers,24,10,29%,24,22,21,14,207,0,0,4,40,67,26:39,H,7,48
11/24/2013,Green Bay Packers,26,31,19%,34,196,53,28,298,0,0,2,18,50,26:45,40.9,Minnesota Vikings,26,28,38%,43,232,30,21,215,0,1,6,18,53,33:42,H,5.5,44.5
11/24/2013,Houston Texans,6,11,27%,21,77,34,18,141,1,0,2,28,22,26:18,44.6,Jacksonville Jaguars,13,16,41%,28,118,33,23,215,0,0,4,24,63,33:42,H,10,43.5
11/24/2013,Indianapolis Colts,11,15,38%,15,80,39,20,159,1,0,1,4,89,23:03,44.8,Arizona Cardinals,40,27,50%,30,120,38,26,290,0,0,3,24,84,36:57,V,-3,44.5
11/24/2013,Jacksonville Jaguars,13,16,41%,28,118,33,23,215,0,0,4,24,63,33:42,43.2,Houston Texans,6,12,27%,21,77,34,18,141,1,0,2,28,22,26:18,V,-10,43.5
11/24/2013,Kansas City Chiefs,38,26,33%,18,114,38,26,281,1,1,3,13,62,29:07,45.3,San Diego Chargers,41,24,47%,27,104,39,27,387,0,0,1,5,97,30:53,H,3,42.5
11/24/2013,Miami Dolphins,16,13,25%,17,52,42,28,280,1,0,3,30,55,29:57,48.3,Carolina Panthers,20,20,35%,29,136,38,19,159,1,0,2,15,56,30:03,H,-4,40.5
11/24/2013,Minnesota Vikings,26,28,38%,43,232,30,21,215,0,1,6,18,53,33:42,42.3,Green Bay Packers,26,30,19%,34,196,53,28,298,0,0,2,18,50,26:45,V,-5.5,44.5
11/24/2013,New England Patriots,34,27,43%,31,116,50,34,324,0,3,3,20,36,27:45,45.2,Denver Broncos,31,28,50%,48,280,36,19,132,1,3,2,18,85,32:34,H,-2.5,53
11/24/2013,New York Giants,21,22,25%,30,202,30,16,154,0,1,2,20,81,30:41,54.8,Dallas Cowboys,24,24,36%,20,107,38,23,204,1,0,4,30,85,29:19,H,2.5,44
11/24/2013,New York Jets,3,12,8%,28,102,24,10,118,2,1,3,22,56,26:02,51.4,Baltimore Ravens,19,15,23%,31,67,27,17,245,1,0,4,28,41,33:58,V,-3.5,38.5
11/24/2013,Oakland Raiders,19,19,30%,23,93,32,19,260,1,1,0,0,50,25:50,45.5,Tennessee Titans,23,22,56%,29,114,42,30,312,0,0,2,8,100,34:10,H,-2,42
11/24/2013,Pittsburgh Steelers,27,19,29%,34,85,34,22,217,0,0,0,0,8,33:39,37.0,Cleveland Browns,11,19,35%,16,55,52,27,312,1,3,5,21,10,26:21,V,-2,39
11/24/2013,San Diego Chargers,41,24,47%,27,104,39,27,387,0,0,1,5,97,30:53,40.6,Kansas City Chiefs,38,26,33%,18,114,38,26,281,1,1,3,13,62,29:07,V,-3,42.5
11/24/2013,St Louis Rams,42,21,40%,29,258,22,10,148,0,0,2,19,39,23:53,48.5,Chicago Bears,21,30,60%,26,80,47,36,344,1,2,1,8,84,36:07,H,1.5,45
11/24/2013,Tampa Bay Buccaneers,24,10,29%,24,22,21,14,207,0,0,4,40,67,26:39,43.0,Detroit Lions,21,25,53%,24,104,46,26,286,4,1,2,11,39,33:21,V,-7,48
11/24/2013,Tennessee Titans,23,22,56%,29,114,42,30,312,0,0,2,8,100,34:10,40.8,Oakland Raiders,19,20,30%,23,93,32,19,260,1,1,0,0,50,25:50,V,2,42
11/25/2013,San Francisco 49ers,27,15,29%,33,76,24,15,228,0,1,2,7,25,31:32,48.8,Washington Redskins,6,10,27%,27,100,27,17,90,1,0,4,37,30,28:28,V,5,47
11/25/2013,Washington Redskins,6,11,27%,27,100,27,17,90,1,0,4,37,30,28:28,45.1,San Francisco 49ers,27,15,29%,33,76,24,15,228,0,1,2,7,25,31:32,H,-5,47
11/28/2013,Baltimore Ravens,22,16,59%,25,74,35,24,237,0,0,2,14,55,29:53,25.0,Pittsburgh Steelers,20,22,54%,18,72,44,28,257,0,0,0,0,51,30:07,H,3,40.5
11/28/2013,Dallas Cowboys,31,23,54%,30,144,32,23,208,0,1,2,17,40,33:53,47.6,Oakland Raiders,24,15,54%,25,50,30,18,255,1,1,0,0,71,26:07,H,8,48
11/28/2013,Detroit Lions,40,30,75%,43,241,35,22,320,2,2,1,10,50,40:13,34.0,Green Bay Packers,10,7,20%,15,24,20,10,102,1,2,7,37,25,19:47,H,6,48.5
11/28/2013,Green Bay Packers,10,6,20%,15,24,20,10,102,1,2,7,37,25,19:47,47.5,Detroit Lions,40,30,75%,43,241,35,22,320,2,2,1,10,50,40:13,V,-6,48.5
11/28/2013,Oakland Raiders,24,16,54%,25,50,30,18,255,1,1,0,0,71,26:07,52.8,Dallas Cowboys,31,23,54%,30,144,32,23,208,0,1,2,17,40,33:53,V,-8,48
11/28/2013,Pittsburgh Steelers,20,22,54%,18,72,44,28,257,0,0,0,0,51,30:07,43.3,Baltimore Ravens,22,17,59%,25,74,35,24,237,0,0,2,14,55,29:53,V,-3,40.5
12/01/2013,Arizona Cardinals,21,24,33%,22,90,41,24,260,2,1,5,42,55,30:34,45.8,Philadelphia Eagles,24,23,31%,34,105,34,21,202,0,0,5,35,48,29:26,V,-3.5,48.5
12/01/2013,Atlanta Falcons,34,26,56%,30,151,47,28,272,0,1,6,39,75,36:41,40.1,Buffalo Bills,31,18,40%,31,195,32,18,210,0,2,0,0,49,23:19,N,-4.5,48.5
12/01/2013,Buffalo Bills,31,18,40%,31,195,32,18,210,0,2,0,0,49,23:27,42.4,Atlanta Falcons,34,25,56%,30,151,47,28,272,0,1,6,39,75,36:33,N,4.5,48.5
12/01/2013,Carolina Panthers,27,19,38%,33,163,29,18,263,2,0,1,0,25,34:13,46.0,Tampa Bay Buccaneers,6,9,10%,20,66,21,14,140,1,1,5,40,30,25:47,H,6.5,40.5
12/01/2013,Chicago Bears,20,20,18%,25,135,36,23,345,0,1,4,10,51,27:29,35.4,Minnesota Vikings,23,28,24%,40,246,41,23,250,1,0,5,33,60,33:02,V,-1,50.5
12/01/2013,Cincinnati Bengals,17,19,50%,38,164,23,14,190,1,1,0,0,30,29:44,55.8,San Diego Chargers,10,19,46%,24,91,37,23,243,1,2,2,9,45,30:16,V,1.5,48.5
12/01/2013,Cleveland Browns,28,24,46%,30,97,40,24,342,2,1,3,28,50,29:30,39.3,Jacksonville Jaguars,32,22,44%,29,112,41,23,202,1,0,2,1,35,30:30,H,7.5,39
12/01/2013,Denver Broncos,35,25,57%,31,132,35,22,403,2,0,0,0,75,28:06,44.7,Kansas City Chiefs,28,27,38%,25,159,42,26,293,1,0,0,0,102,31:54,V,6,50
12/01/2013,Houston Texans,31,19,45%,28,121,30,15,264,1,0,1,8,25,26:15,46.0,New England Patriots,34,28,42%,27,88,41,29,365,1,0,1,6,0,33:45,H,-6.5,47.5
12/01/2013,Indianapolis Colts,22,18,21%,25,104,32,17,160,1,0,5,40,50,26:13,44.8,Tennessee Titans,14,24,40%,36,162,37,21,185,3,1,1,16,74,35:30,H,3.5,46
12/01/2013,Jacksonville Jaguars,32,22,44%,29,112,41,23,202,1,0,2,1,35,30:30,44.0,Cleveland Browns,28,23,46%,30,97,40,24,342,2,1,3,28,50,29:30,V,-7.5,39
12/01/2013,Kansas City Chiefs,28,27,38%,25,159,42,26,293,1,0,0,0,102,31:54,45.4,Denver Broncos,35,25,57%,31,132,35,22,403,2,0,0,0,75,28:06,H,-6,50
12/01/2013,Miami Dolphins,23,25,44%,36,125,43,28,328,1,0,1,3,28,38:47,43.0,New York Jets,3,10,17%,21,99,28,13,78,2,1,5,30,25,21:13,V,-2,40.5
12/01/2013,Minnesota Vikings,23,28,24%,40,246,41,23,250,1,0,5,33,60,33:02,44.2,Chicago Bears,20,20,18%,25,135,36,23,345,0,1,4,10,51,27:29,H,1,50.5
12/01/2013,New England Patriots,34,28,42%,27,88,41,29,365,1,0,1,6,0,33:45,44.0,Houston Texans,31,19,45%,28,121,30,15,264,1,0,1,8,25,26:15,V,6.5,47.5
12/01/2013,New York Giants,24,16,33%,23,80,28,22,206,1,0,3,29,1,28:21,48.3,Washington Redskins,17,18,31%,31,139,32,24,184,0,1,5,23,55,31:39,V,-1,44.5
12/01/2013,New York Jets,3,10,17%,22,99,28,13,78,2,1,4,30,25,21:13,45.0,Miami Dolphins,23,25,44%,36,125,43,28,328,1,0,1,3,28,38:47,H,2,40.5
12/01/2013,Philadelphia Eagles,24,23,31%,34,105,34,21,202,0,0,5,35,48,29:26,44.6,Arizona Cardinals,21,24,33%,22,90,41,24,260,2,1,5,42,55,30:34,H,3.5,48.5
12/01/2013,San Diego Chargers,10,19,46%,24,91,37,23,243,1,2,2,9,45,30:16,39.0,Cincinnati Bengals,17,19,50%,38,164,23,14,190,1,1,0,0,30,29:44,H,-1.5,48.5
12/01/2013,San Francisco 49ers,23,20,33%,30,83,28,19,255,0,1,4,20,85,33:01,48.5,St Louis Rams,13,19,31%,25,128,37,18,184,1,0,5,25,105,26:59,H,7.5,40
12/01/2013,St Louis Rams,13,18,31%,26,114,38,19,198,1,0,3,20,105,26:59,49.2,San Francisco 49ers,23,20,33%,30,83,28,19,255,0,1,4,20,85,33:01,V,-7.5,40
12/01/2013,Tampa Bay Buccaneers,6,10,10%,20,66,21,14,140,1,1,5,40,30,25:47,47.8,Carolina Panthers,27,21,38%,34,163,29,18,263,2,0,0,0,25,34:13,V,-6.5,40.5
12/01/2013,Tennessee Titans,14,25,40%,36,162,37,21,185,3,1,1,16,74,35:30,37.0,Indianapolis Colts,22,17,21%,25,104,32,17,160,1,0,5,40,50,26:13,V,-3.5,46
12/01/2013,Washington Redskins,17,17,31%,30,153,31,23,170,0,1,7,28,55,31:39,40.9,New York Giants,24,16,33%,23,80,28,22,206,1,0,3,29,1,28:21,H,1,44.5
12/02/2013,New Orleans Saints,7,12,40%,17,44,38,23,144,0,1,1,3,52,26:16,49.0,Seattle Seahawks,34,24,50%,38,127,30,22,302,0,0,1,8,66,33:44,V,-5,47.5
12/02/2013,Seattle Seahawks,34,22,50%,38,127,30,22,302,0,0,1,8,66,33:44,40.0,New Orleans Saints,7,12,40%,17,44,38,23,144,0,1,1,3,52,26:16,H,5,47.5
12/05/2013,Houston Texans,20,24,47%,19,83,58,33,323,2,0,3,34,177,35:21,43.0,Jacksonville Jaguars,27,18,29%,28,149,28,13,132,0,0,1,6,57,24:39,V,3.5,43
12/05/2013,Jacksonville Jaguars,27,18,29%,28,149,28,13,132,0,0,1,6,57,24:39,42.9,Houston Texans,20,23,47%,19,83,58,33,323,2,0,3,34,177,35:21,H,-3.5,43
12/08/2013,Arizona Cardinals,30,25,57%,32,107,32,27,262,0,1,1,7,31,35:11,48.0,St Louis Rams,10,14,27%,19,100,27,16,157,2,0,4,24,90,24:49,H,4.5,41
12/08/2013,Atlanta Falcons,21,19,46%,23,83,35,20,202,1,1,1,4,15,26:26,43.5,Green Bay Packers,22,21,43%,33,112,32,24,222,1,1,5,36,10,33:34,V,-3.5,45
12/08/2013,Baltimore Ravens,29,23,38%,27,97,50,28,228,3,0,2,17,45,32:15,54.5,Minnesota Vikings,26,16,29%,25,114,38,17,265,0,1,0,0,90,27:45,H,6,41.5
12/08/2013,Buffalo Bills,6,15,0%,22,67,33,18,147,4,1,7,37,114,28:21,44.4,Tampa Bay Buccaneers,27,14,27%,36,165,25,9,81,2,0,1,9,76,31:39,V,-2.5,42.5
12/08/2013,Carolina Panthers,13,16,40%,23,128,34,22,111,0,0,5,49,35,32:31,45.2,New Orleans Saints,31,24,58%,17,69,42,30,304,0,0,2,9,45,27:44,V,-3,46.5
12/08/2013,Cincinnati Bengals,42,29,50%,35,155,35,24,275,0,0,0,0,60,37:45,51.2,Indianapolis Colts,28,22,20%,12,63,46,29,326,0,0,0,0,47,22:15,H,7,43.5
12/08/2013,Cleveland Browns,26,24,47%,25,108,44,29,386,0,0,1,5,75,31:35,42.8,New England Patriots,27,30,40%,21,87,52,32,397,1,1,4,21,41,28:25,V,-9.5,47.5
12/08/2013,Denver Broncos,51,39,38%,32,154,59,39,397,0,0,0,0,60,39:19,31.5,Tennessee Titans,28,14,22%,22,96,24,13,158,1,1,2,14,66,20:41,H,13.5,49.5
12/08/2013,Detroit Lions,20,11,33%,33,80,25,10,148,0,3,0,0,48,28:31,39.0,Philadelphia Eagles,34,23,25%,46,299,22,11,179,1,0,0,0,5,31:29,V,-2,53.5
12/08/2013,Green Bay Packers,22,20,47%,33,112,32,24,222,1,1,5,36,10,33:34,48.0,Atlanta Falcons,21,18,46%,23,83,35,20,202,1,1,1,4,15,26:26,H,3.5,45
12/08/2013,Indianapolis Colts,28,21,20%,12,63,46,29,326,0,0,0,0,47,22:15,48.3,Cincinnati Bengals,42,28,50%,35,155,35,24,275,0,0,0,0,60,37:45,V,-7,43.5
12/08/2013,Kansas City Chiefs,45,20,18%,38,193,23,15,154,1,0,0,0,30,34:09,38.0,Washington Redskins,10,13,20%,17,65,42,19,192,1,1,6,31,27,25:51,V,3,44.5
12/08/2013,Miami Dolphins,34,18,43%,24,181,33,20,179,1,0,3,21,36,28:53,46.2,Pittsburgh Steelers,28,15,47%,21,84,39,23,328,0,1,3,21,63,31:07,V,-3,41
12/08/2013,Minnesota Vikings,26,15,29%,25,114,38,17,265,0,1,0,0,90,27:45,44.2,Baltimore Ravens,29,24,38%,27,97,50,28,228,3,0,2,17,45,32:15,V,-6,41.5
12/08/2013,New England Patriots,27,30,40%,21,87,52,32,397,1,1,4,21,41,28:25,39.6,Cleveland Browns,26,24,47%,25,108,44,29,386,0,0,1,5,75,31:35,H,9.5,47.5
12/08/2013,New Orleans Saints,31,25,58%,17,69,42,30,304,0,0,2,9,45,27:44,44.8,Carolina Panthers,13,15,40%,23,128,34,22,111,0,0,5,49,35,32:31,H,3,46.5
12/08/2013,New York Giants,14,18,38%,20,92,32,20,241,2,1,2,18,72,23:06,45.0,San Diego Chargers,37,25,67%,40,144,28,21,244,0,1,2,5,30,36:54,V,-4,46.5
12/08/2013,New York Jets,37,19,54%,32,143,25,16,209,1,0,1,10,36,29:27,42.0,Oakland Raiders,27,19,33%,26,150,36,20,233,1,0,3,32,31,30:33,H,3,39.5
12/08/2013,Oakland Raiders,27,19,33%,26,150,36,20,233,1,0,3,32,31,30:33,45.0,New York Jets,37,18,54%,32,143,25,16,209,1,0,1,10,36,29:27,V,-3,39.5
12/08/2013,Philadelphia Eagles,34,23,25%,46,299,22,11,179,1,0,0,0,5,31:29,40.5,Detroit Lions,20,11,33%,33,80,25,10,148,0,3,0,0,48,28:31,H,2,53.5
12/08/2013,Pittsburgh Steelers,28,16,47%,21,84,39,23,328,0,1,3,21,63,31:07,39.8,Miami Dolphins,34,17,43%,24,181,33,20,179,1,0,3,21,36,28:53,H,3,41
12/08/2013,San Diego Chargers,37,25,67%,40,144,28,21,244,0,1,2,5,30,36:54,38.0,New York Giants,14,18,38%,20,92,32,20,241,2,1,2,18,72,23:06,H,4,46.5
12/08/2013,San Francisco 49ers,19,19,38%,33,163,29,15,155,1,0,2,20,70,32:16,48.8,Seattle Seahawks,17,14,42%,23,86,25,15,178,1,0,2,21,85,27:44,H,2,41
12/08/2013,Seattle Seahawks,17,14,42%,23,86,25,15,178,1,0,2,21,85,27:44,37.0,San Francisco 49ers,19,19,38%,33,163,29,15,155,1,0,2,20,70,32:16,V,-2,41
12/08/2013,St Louis Rams,10,15,27%,19,100,27,16,157,2,0,4,24,90,24:49,51.2,Arizona Cardinals,30,25,57%,32,107,32,27,262,0,1,1,7,31,35:11,V,-4.5,41
12/08/2013,Tampa Bay Buccaneers,27,13,27%,36,165,25,9,81,2,0,1,9,76,31:39,45.1,Buffalo Bills,6,13,9%,22,67,33,18,147,4,1,7,37,114,28:21,H,2.5,42.5
12/08/2013,Tennessee Titans,28,15,22%,22,96,24,13,158,1,1,2,14,66,20:41,51.0,Denver Broncos,51,38,38%,32,154,59,39,397,0,0,0,0,60,39:19,V,-13.5,49.5
12/08/2013,Washington Redskins,10,13,20%,17,65,42,19,192,1,1,6,31,27,25:51,41.5,Kansas City Chiefs,45,20,18%,38,193,23,15,154,1,0,0,0,30,34:09,H,-3,44.5
12/09/2013,Chicago Bears,45,33,73%,32,149,36,27,341,0,0,1,7,15,36:39, ,Dallas Cowboys,28,24,50%,28,198,25,14,130,0,0,2,14,50,23:21,H,1.5,49.5
12/09/2013,Dallas Cowboys,28,23,50%,28,198,25,14,130,0,0,2,14,50,23:21,38.3,Chicago Bears,45,34,73%,32,149,36,27,341,0,0,1,7,15,36:39,V,-1.5,49.5
12/12/2013,Denver Broncos,20,19,22%,11,18,41,27,277,1,0,1,12,43,21:21,47.0,San Diego Chargers,27,25,50%,44,177,20,12,160,0,0,2,6,35,38:39,H,9.5,57
12/12/2013,San Diego Chargers,27,24,50%,44,177,20,12,160,0,0,2,6,35,38:39,43.0,Denver Broncos,20,19,22%,11,18,41,27,277,1,0,1,12,43,21:21,V,-9.5,57
12/15/2013,Arizona Cardinals,37,24,50%,36,145,30,20,215,0,0,2,16,69,28:46,52.0,Tennessee Titans,34,32,50%,19,66,58,36,394,2,1,3,8,16,31:14,V,3,42.5
12/15/2013,Atlanta Falcons,27,19,36%,21,54,38,29,189,1,1,3,21,73,33:55,49.7,Washington Redskins,26,22,50%,21,103,45,29,373,2,5,1,8,66,26:05,H,5.5,49
12/15/2013,Buffalo Bills,27,26,38%,44,198,24,17,168,1,1,4,25,67,32:27,45.5,Jacksonville Jaguars,20,23,53%,31,159,36,21,195,2,2,5,42,80,27:33,V,4,43.5
12/15/2013,Carolina Panthers,30,21,45%,36,131,24,16,261,0,0,2,12,59,33:04,47.5,New York Jets,20,20,53%,28,157,28,15,140,1,0,4,27,20,26:56,H,10,40.5
12/15/2013,Chicago Bears,38,23,64%,31,179,31,22,261,2,1,2,4,40,34:45,37.7,Cleveland Browns,31,20,33%,17,93,39,23,273,2,0,0,0,90,25:15,V,-1,44
12/15/2013,Cincinnati Bengals,20,19,29%,22,57,44,25,222,0,1,1,8,50,28:29,40.3,Pittsburgh Steelers,30,18,20%,36,106,25,20,184,1,0,1,7,25,31:31,V,1.5,43
12/15/2013,Cleveland Browns,31,20,33%,17,93,39,23,273,2,0,0,0,90,25:15,42.4,Chicago Bears,38,23,64%,31,179,31,22,261,2,1,2,4,40,34:45,H,1,44
12/15/2013,Dallas Cowboys,36,27,22%,18,134,48,29,332,2,0,3,26,79,31:39,52.0,Green Bay Packers,37,26,54%,27,150,39,26,283,1,0,2,16,59,28:21,H,4,49.5
12/15/2013,Green Bay Packers,37,26,54%,27,150,39,26,283,1,0,2,16,59,28:21,49.0,Dallas Cowboys,36,28,22%,18,134,48,29,332,2,0,3,26,79,31:39,V,-4,49.5
12/15/2013,Houston Texans,3,11,33%,25,107,34,18,132,2,0,4,36,114,26:53,49.6,Indianapolis Colts,25,18,33%,36,152,32,19,179,1,0,1,1,36,33:07,V,-6,47
12/15/2013,Indianapolis Colts,25,19,33%,36,152,32,19,179,1,0,1,1,36,33:07,42.7,Houston Texans,3,11,33%,25,107,34,18,132,2,0,4,36,114,26:53,H,6,47
12/15/2013,Jacksonville Jaguars,20,22,53%,31,159,36,21,195,2,2,5,42,80,27:33,45.7,Buffalo Bills,27,25,38%,44,198,24,17,168,1,1,4,25,67,32:27,H,-4,43.5
12/15/2013,Kansas City Chiefs,56,19,44%,24,77,25,20,306,0,1,2,12,91,25:53,49.0,Oakland Raiders,31,26,50%,33,130,41,20,331,5,2,0,0,90,34:07,V,6,44.5
12/15/2013,Miami Dolphins,24,19,36%,24,89,37,25,296,0,1,3,16,21,28:48,47.0,New England Patriots,20,30,53%,22,96,55,34,357,1,0,1,7,2,31:12,H,2.5,46.5
12/15/2013,Minnesota Vikings,48,29,62%,35,85,35,26,370,1,0,3,12,25,36:30,48.0,Philadelphia Eagles,30,24,50%,13,79,48,30,396,1,0,4,32,94,23:30,H,-7,53
12/15/2013,New England Patriots,20,29,53%,22,96,55,34,357,1,0,1,7,2,31:12,49.7,Miami Dolphins,24,20,36%,23,89,37,25,289,0,1,4,23,21,28:48,V,-2.5,46.5
12/15/2013,New Orleans Saints,16,29,33%,20,61,56,39,371,2,1,4,22,77,32:08,54.5,St Louis Rams,27,17,50%,34,144,20,14,158,0,0,0,0,30,27:52,V,7,48
12/15/2013,New York Giants,0,12,10%,14,25,35,22,156,5,0,4,30,38,26:06,48.1,Seattle Seahawks,23,21,23%,34,134,29,20,193,1,0,4,29,50,33:54,H,-9.5,43
12/15/2013,New York Jets,20,17,53%,28,157,28,15,140,1,0,4,27,20,26:56,46.0,Carolina Panthers,30,21,45%,36,131,24,16,261,0,0,2,12,59,33:04,V,-10,40.5
12/15/2013,Oakland Raiders,31,26,50%,33,130,41,20,331,5,2,0,0,90,34:07,42.0,Kansas City Chiefs,56,20,44%,24,78,25,20,306,0,1,2,12,91,25:53,H,-6,44.5
12/15/2013,Philadelphia Eagles,30,26,50%,13,79,48,30,396,1,0,4,32,94,23:30,41.3,Minnesota Vikings,48,29,62%,35,85,35,26,373,1,0,3,12,25,36:30,V,7,53
12/15/2013,Pittsburgh Steelers,30,19,20%,36,106,25,20,184,1,0,1,7,25,31:31,55.0,Cincinnati Bengals,20,19,29%,23,57,44,25,229,0,1,0,1,50,28:29,H,-1.5,43
12/15/2013,San Francisco 49ers,33,21,40%,40,187,29,19,189,0,0,2,14,62,39:44,43.5,Tampa Bay Buccaneers,14,11,10%,12,39,34,18,144,1,1,4,35,32,20:16,V,4.5,41
12/15/2013,Seattle Seahawks,23,21,23%,34,134,29,20,193,1,0,4,29,50,33:54,41.9,New York Giants,0,12,10%,14,25,35,22,156,5,0,4,30,38,26:06,V,9.5,43
12/15/2013,St Louis Rams,27,16,50%,34,144,20,14,158,0,0,0,0,30,27:52,41.3,New Orleans Saints,16,29,33%,20,61,56,39,371,2,1,4,22,77,32:08,H,-7,48
12/15/2013,Tampa Bay Buccaneers,14,13,10%,12,39,34,18,144,1,1,4,35,32,20:16,46.7,San Francisco 49ers,33,23,40%,40,187,29,19,189,0,0,2,14,62,39:44,H,-4.5,41
12/15/2013,Tennessee Titans,34,31,50%,19,66,58,36,394,2,1,3,8,16,31:14,48.0,Arizona Cardinals,37,25,50%,36,145,30,20,215,0,0,2,16,69,28:46,H,-3,42.5
12/15/2013,Washington Redskins,26,22,50%,21,103,45,29,373,2,5,1,8,66,26:05,53.7,Atlanta Falcons,27,20,36%,21,53,38,29,189,1,1,3,21,73,33:55,V,-5.5,49
12/16/2013,Baltimore Ravens,18,18,29%,21,90,38,20,215,0,0,1,7,60,27:39,48.4,Detroit Lions,16,18,31%,28,119,34,18,230,3,0,1,5,89,32:21,V,-5.5,49
12/16/2013,Detroit Lions,16,19,31%,28,119,34,18,233,3,0,1,5,89,32:21,46.0,Baltimore Ravens,18,18,29%,21,90,38,20,215,0,0,1,7,60,27:39,H,5.5,49
12/22/2013,Arizona Cardinals,17,17,32%,43,139,25,13,168,4,0,2,10,46,37:17,49.8,Seattle Seahawks,10,10,15%,20,103,27,11,89,1,1,4,19,102,22:43,V,-9,43
12/22/2013,Baltimore Ravens,7,19,36%,28,121,42,23,237,3,1,4,25,83,28:00,54.0,New England Patriots,41,21,31%,34,142,26,14,158,0,0,2,14,58,32:00,H,1.5,44.5
12/22/2013,Buffalo Bills,19,17,37%,51,203,25,15,187,1,0,1,6,31,36:23,35.8,Miami Dolphins,0,5,14%,12,14,33,12,89,2,0,7,46,37,23:37,H,-1.5,42.5
12/22/2013,Carolina Panthers,17,10,0%,18,81,22,13,141,1,0,4,40,26,21:07,50.5,New Orleans Saints,13,20,28%,30,126,45,30,239,2,0,6,42,40,38:53,H,3,44.5
12/22/2013,Chicago Bears,11,18,36%,19,61,39,22,196,1,1,5,46,10,29:51,37.2,Philadelphia Eagles,54,29,56%,36,289,25,21,225,0,1,2,5,15,30:09,V,-3,55
12/22/2013,Cincinnati Bengals,42,23,57%,37,81,38,27,348,0,1,2,18,55,39:20,41.5,Minnesota Vikings,14,11,0%,17,115,27,13,94,3,1,4,20,40,20:40,H,7.5,47.5
12/22/2013,Cleveland Browns,13,20,42%,21,115,40,18,168,2,0,3,10,24,27:13,49.0,New York Jets,24,25,67%,39,208,37,20,214,0,0,0,0,35,32:47,V,-1.5,42
12/22/2013,Dallas Cowboys,24,17,40%,23,95,27,17,214,1,1,2,12,42,26:23,52.7,Washington Redskins,23,18,44%,28,100,36,21,197,1,0,0,0,44,33:53,V,2.5,52
12/22/2013,Denver Broncos,37,25,18%,18,114,51,32,397,0,0,1,3,67,28:49,48.3,Houston Texans,13,15,38%,26,87,37,18,153,2,0,3,23,57,31:11,V,9.5,53.5
12/22/2013,Detroit Lions,20,24,47%,36,148,42,25,207,2,1,2,15,60,33:56,44.8,New York Giants,23,16,35%,21,41,42,23,238,1,1,2,18,30,26:04,H,9,48.5
12/22/2013,Green Bay Packers,31,26,43%,30,151,39,21,219,1,1,3,13,90,33:16,41.2,Pittsburgh Steelers,38,21,20%,29,151,29,17,192,1,1,1,5,58,26:44,H,2,44.5
12/22/2013,Houston Texans,13,14,38%,26,87,37,18,153,2,0,3,23,57,31:11,44.9,Denver Broncos,37,27,18%,18,114,51,32,397,0,0,1,3,67,28:49,H,-9.5,53.5
12/22/2013,Indianapolis Colts,23,20,39%,34,135,37,26,232,0,0,1,9,31,38:17,49.3,Kansas City Chiefs,7,19,13%,20,155,29,16,132,2,2,4,21,65,21:43,V,-7,46.5
12/22/2013,Jacksonville Jaguars,16,15,27%,21,63,34,24,226,1,0,2,11,15,24:19,43.5,Tennessee Titans,20,22,23%,44,182,26,17,164,1,0,3,17,4,35:41,H,-4,44
12/22/2013,Kansas City Chiefs,7,19,13%,20,155,29,16,132,2,2,4,21,65,21:43,53.6,Indianapolis Colts,23,19,39%,34,135,37,26,232,0,0,1,9,31,38:17,H,7,46.5
12/22/2013,Miami Dolphins,0,7,14%,12,14,33,12,89,2,0,7,46,37,23:37,50.2,Buffalo Bills,19,18,37%,51,203,25,15,187,1,0,1,6,31,36:23,V,1.5,42.5
12/22/2013,Minnesota Vikings,14,10,0%,17,115,27,13,94,3,1,4,20,40,20:40,39.4,Cincinnati Bengals,42,24,57%,37,81,38,27,348,0,1,2,18,55,39:20,V,-7.5,47.5
12/22/2013,New England Patriots,41,21,31%,34,142,26,14,158,0,0,2,14,58,32:00,47.7,Baltimore Ravens,7,20,36%,28,121,42,23,237,3,1,4,25,83,28:00,V,-1.5,44.5
12/22/2013,New Orleans Saints,13,20,28%,30,126,45,30,239,2,0,6,42,40,38:53,48.0,Carolina Panthers,17,11,0%,18,81,22,13,141,1,0,4,40,26,21:07,V,-3,44.5
12/22/2013,New York Giants,23,15,35%,21,41,42,23,238,1,1,2,18,30,26:04,46.0,Detroit Lions,20,24,47%,36,148,42,25,207,2,1,2,15,60,33:56,V,-9,48.5
12/22/2013,New York Jets,24,26,67%,39,208,37,20,214,0,0,0,0,35,32:47,46.0,Cleveland Browns,13,19,42%,21,115,40,18,168,2,0,3,10,24,27:13,H,1.5,42
12/22/2013,Oakland Raiders,13,14,31%,17,59,36,20,206,1,1,1,0,73,25:22,55.0,San Diego Chargers,26,23,55%,37,148,29,19,196,1,2,1,5,24,34:38,V,-9,51
12/22/2013,Philadelphia Eagles,54,28,56%,36,289,25,21,225,0,1,2,5,15,30:09,44.5,Chicago Bears,11,18,36%,19,61,39,22,196,1,1,5,46,10,29:51,H,3,55
12/22/2013,Pittsburgh Steelers,38,22,20%,29,151,29,17,192,1,1,1,5,58,26:44,36.4,Green Bay Packers,31,26,43%,30,151,39,21,219,1,1,3,13,90,33:16,V,-2,44.5
12/22/2013,San Diego Chargers,26,24,55%,37,148,29,19,196,1,2,1,5,24,34:38,33.0,Oakland Raiders,13,14,31%,17,59,36,20,206,1,1,1,0,73,25:22,H,9,51
12/22/2013,Seattle Seahawks,10,10,15%,20,103,27,11,89,1,1,4,19,102,22:43,37.1,Arizona Cardinals,17,17,32%,43,139,25,13,168,4,0,2,10,46,37:17,H,9,43
12/22/2013,St Louis Rams,23,19,43%,39,129,20,16,148,0,2,1,10,85,34:06,46.0,Tampa Bay Buccaneers,13,15,29%,23,59,26,16,111,0,2,7,47,26,25:54,H,3.5,43
12/22/2013,Tampa Bay Buccaneers,13,14,29%,23,59,26,16,111,0,2,7,47,26,25:54,48.0,St Louis Rams,23,17,43%,39,129,20,16,148,0,2,1,10,85,34:06,V,-3.5,43
12/22/2013,Tennessee Titans,20,22,23%,44,182,26,17,164,1,0,3,17,4,35:41,45.7,Jacksonville Jaguars,16,16,27%,21,63,34,24,226,1,0,2,11,15,24:19,V,4,44
12/22/2013,Washington Redskins,23,17,44%,28,100,36,21,197,1,0,0,0,44,33:53,44.7,Dallas Cowboys,24,15,40%,23,95,27,17,214,1,1,2,12,42,26:23,H,-2.5,52
12/23/2013,Atlanta Falcons,24,25,53%,20,61,48,37,341,2,0,1,7,37,30:26,48.6,San Francisco 49ers,34,21,44%,30,199,21,13,180,0,0,3,17,45,29:34,V,-14.5,46
12/23/2013,San Francisco 49ers,34,21,44%,30,199,21,13,180,0,0,3,17,45,29:34,53.3,Atlanta Falcons,24,27,53%,20,61,48,37,341,2,0,1,7,37,30:26,H,14.5,46
12/29/2013,Arizona Cardinals,20,19,27%,22,83,49,28,399,1,1,1,8,30,32:10,48.3,San Francisco 49ers,23,19,23%,23,83,34,21,292,0,0,2,18,20,27:50,H,3,41
12/29/2013,Atlanta Falcons,20,19,44%,20,76,40,28,231,1,0,9,49,56,34:21,49.2,Carolina Panthers,21,15,47%,29,134,27,15,149,1,1,1,0,38,25:39,H,-5.5,46.5
12/29/2013,Baltimore Ravens,17,16,27%,14,47,50,30,175,3,0,2,17,56,26:06,47.3,Cincinnati Bengals,34,22,54%,30,111,36,21,281,4,0,0,0,76,33:54,V,-7,42.5
12/29/2013,Buffalo Bills,20,19,31%,35,169,29,16,224,0,0,4,23,54,27:08,43.0,New England Patriots,34,23,31%,43,267,24,14,115,1,0,1,7,31,32:52,V,-7,46
12/29/2013,Carolina Panthers,21,15,47%,29,134,27,15,149,1,1,1,0,38,25:39,48.8,Atlanta Falcons,20,20,44%,20,76,40,28,231,1,0,9,49,56,34:21,V,5.5,46.5
12/29/2013,Chicago Bears,28,17,50%,24,121,24,15,224,1,1,1,2,40,24:51,34.3,Green Bay Packers,33,25,50%,34,160,39,25,313,2,0,3,5,15,35:09,H,-3,51.5
12/29/2013,Cincinnati Bengals,34,21,54%,30,111,36,21,281,4,0,0,0,76,33:54,34.7,Baltimore Ravens,17,16,27%,14,47,50,30,175,3,0,2,17,56,26:06,H,7,42.5
12/29/2013,Cleveland Browns,7,14,40%,20,79,41,23,214,1,1,3,26,30,29:41,39.0,Pittsburgh Steelers,20,17,42%,29,120,31,19,172,2,0,1,7,15,30:19,V,-9.5,44.5
12/29/2013,Dallas Cowboys,22,20,27%,18,59,46,30,358,2,1,0,0,5,30:21,35.0,Philadelphia Eagles,24,19,38%,34,137,27,17,229,0,1,5,34,50,29:39,H,-7,52.5
12/29/2013,Denver Broncos,34,28,60%,29,124,41,34,334,0,0,3,17,56,35:21,40.7,Oakland Raiders,14,16,38%,20,64,38,21,191,0,1,2,16,10,24:39,V,10,53.5
12/29/2013,Detroit Lions,13,14,33%,22,63,33,22,182,0,0,5,35,52,32:37,50.9,Minnesota Vikings,14,18,27%,20,174,33,20,171,1,1,3,18,25,27:23,V,2.5,49.5
12/29/2013,Green Bay Packers,33,24,50%,34,160,39,25,313,2,0,3,5,15,35:09,41.5,Chicago Bears,28,16,50%,24,121,24,15,224,1,1,1,2,40,24:51,V,3,51.5
12/29/2013,Houston Texans,10,19,40%,22,65,34,22,223,2,2,1,6,55,28:00,46.0,Tennessee Titans,16,16,29%,36,151,24,15,160,1,0,1,6,76,32:15,V,-6.5,44.5
12/29/2013,Indianapolis Colts,30,22,50%,28,80,41,29,299,0,0,1,8,10,33:53,47.4,Jacksonville Jaguars,10,18,21%,16,42,50,30,308,0,1,4,23,50,26:07,H,11.5,45
12/29/2013,Jacksonville Jaguars,10,18,21%,16,42,51,30,308,1,1,3,23,50,26:07,47.6,Indianapolis Colts,30,24,50%,28,80,41,29,299,0,0,1,8,10,33:53,V,-11.5,45
12/29/2013,Kansas City Chiefs,24,21,43%,37,143,29,21,189,-1,1,3,11,5,28:28,45.8,San Diego Chargers,27,18,53%,36,186,33,22,219,1,0,3,10,22,31:32,V,-14.5,45
12/29/2013,Miami Dolphins,7,18,46%,22,92,40,20,204,3,0,0,0,38,27:35,48.8,New York Jets,20,21,40%,42,154,28,18,220,0,0,0,0,36,32:25,H,7,41
12/29/2013,Minnesota Vikings,14,19,27%,20,174,33,20,171,1,1,3,18,25,27:23,40.7,Detroit Lions,13,14,33%,22,63,33,22,182,0,0,5,35,52,32:37,H,-2.5,49.5
12/29/2013,New England Patriots,34,24,31%,43,267,24,14,115,1,0,1,7,31,32:52,46.0,Buffalo Bills,20,18,31%,35,169,29,16,224,0,0,4,23,54,27:08,H,7,46
12/29/2013,New Orleans Saints,42,20,54%,30,98,31,24,370,0,0,1,11,94,34:06,41.3,Tampa Bay Buccaneers,17,17,23%,18,75,42,22,215,1,0,2,4,78,25:54,H,10.5,46.5
12/29/2013,New York Giants,20,14,21%,35,122,32,12,156,2,1,1,7,20,31:48,43.8,Washington Redskins,6,11,25%,23,91,49,19,160,2,2,3,9,30,28:27,H,3.5,44.5
12/29/2013,New York Jets,20,22,40%,42,154,28,18,220,0,0,0,0,36,32:25,42.4,Miami Dolphins,7,18,46%,22,92,40,20,204,3,0,0,0,38,27:35,V,-7,41
12/29/2013,Oakland Raiders,14,17,38%,20,64,38,21,191,0,1,2,16,10,24:39,45.8,Denver Broncos,34,28,60%,29,124,41,34,334,0,0,3,17,56,35:21,H,-10,53.5
12/29/2013,Philadelphia Eagles,24,20,38%,34,137,27,17,229,0,1,5,34,50,29:39,48.0,Dallas Cowboys,22,21,27%,18,59,46,30,358,2,1,0,0,5,30:21,V,7,52.5
12/29/2013,Pittsburgh Steelers,20,16,42%,29,120,31,19,172,2,0,1,7,15,30:19,41.8,Cleveland Browns,7,14,40%,20,79,41,23,214,1,1,3,26,30,29:41,H,9.5,44.5
12/29/2013,San Diego Chargers,27,19,53%,36,186,33,22,219,1,0,3,10,22,31:32,47.2,Kansas City Chiefs,24,21,43%,37,143,30,21,189,0,1,2,11,5,28:28,H,14.5,45
12/29/2013,San Francisco 49ers,23,19,23%,23,83,34,21,292,0,0,2,18,20,27:50,43.3,Arizona Cardinals,20,19,27%,22,83,49,28,399,1,1,1,8,30,32:10,V,-3,41
12/29/2013,Seattle Seahawks,27,20,31%,36,111,23,15,158,0,0,4,14,65,33:40,53.0,St Louis Rams,9,10,18%,18,13,30,21,145,2,0,2,12,87,26:20,H,12.5,41
12/29/2013,St Louis Rams,9,10,18%,18,13,30,21,145,2,0,2,12,87,26:20,48.3,Seattle Seahawks,27,21,31%,36,111,23,15,158,0,0,4,14,65,33:40,V,-12.5,41
12/29/2013,Tampa Bay Buccaneers,17,18,23%,18,75,42,22,215,1,0,2,4,78,25:54,47.4,New Orleans Saints,42,20,54%,30,98,31,24,370,0,0,1,11,94,34:06,V,-10.5,46.5
12/29/2013,Tennessee Titans,16,16,29%,36,151,24,15,160,1,0,1,6,76,32:15,42.2,Houston Texans,10,19,40%,22,65,34,22,223,2,2,1,6,55,28:00,H,6.5,44.5
12/29/2013,Washington Redskins,6,13,25%,23,91,49,19,160,2,2,3,9,30,28:27,40.3,New York Giants,20,15,21%,35,122,32,12,156,2,1,1,7,20,31:48,V,-3.5,44.5
